dim,fs,window,rmse,nrmse,mape,smape,mae
2,10,0,0.7012144616113736,0.09307332912282633,104.85311862059612,25.197900210623565,0.541934792511031
2,10,2276,0.5360549071033308,0.06888395105414172,77.75061572899433,21.657774843281395,0.3988943463240268
2,10,4552,0.4758448544296387,0.07694774489483161,118.96865422642351,28.445572469015623,0.36918641555126186
2,10,6828,0.4913264119827158,0.08057173040057654,179.89888295882758,37.97631802149051,0.42818378557924447
2,10,9104,0.48147604837623176,0.10399050720868935,152.48945578200727,34.483730111288594,0.3787390539117928
2,10,11380,0.5568180343965006,0.08678585324134985,133.4764364357331,30.881126419423012,0.4423188785793982
2,10,13656,0.5505915956083075,0.07044416525183053,67.00422873589274,20.78612588559306,0.40797945150289383
2,10,15932,0.6830378997296636,0.08827059960321318,59.64444376791217,18.231128899581613,0.47178972802190716
2,10,18208,0.80102136778881,0.13020503377581436,136.2970262847993,31.58899090874877,0.677998750969726
2,10,20484,0.5925341343481604,0.10924301886949858,90.50519398959516,25.728670313642255,0.4533331999725533
2,10,22760,0.5310526874813153,0.08048691838152702,110.32193565317287,28.172808556930423,0.41478294391363985
2,10,25036,0.49826916775641544,0.09247757382264578,126.96729689549804,31.48364674070635,0.3994754053570862
2,10,27312,0.339468941342645,0.39381547719564386,275.6305234321554,52.04914753746175,0.3295265113953277
2,10,29588,0.5494170452618586,0.07804219392924129,51.1766812989652,19.347396341796376,0.3992588929312139
2,10,31864,0.7054276810835837,0.09400688713800423,81.1008012068323,23.003328764395768,0.5173719397791378
2,10,34140,0.6209536236825547,0.09523828584088263,95.27303871566059,25.697806021993586,0.47240904396099187
2,10,36416,0.577766667536571,0.08682997708695087,85.2248735785104,23.815063315855,0.4214985974085548
2,10,38692,0.6732243687367857,0.1070990087077292,79.07174254521183,23.956343153198286,0.4786992184969879
2,10,40968,0.5491176835686196,0.0945776237631105,109.53747126150775,29.04352877000574,0.4272064476250469
2,10,43244,0.4195695812625753,0.11832193493022429,142.12331488241057,35.9521818429928,0.38264907146721927
2,10,45520,0.5191868744460908,0.09311098896092015,84.83558163454484,26.957364697855624,0.39069822341323396
2,10,47796,0.5906961156549265,0.10983564813219164,83.2342130856722,25.39319782958212,0.46026896790994526
2,10,50072,0.6033621364992329,0.11177512717659002,77.21037954263241,22.55479958990099,0.4342010524224378
2,10,52348,0.7191555279426245,0.09351827411477562,68.9667547218813,19.870479778738908,0.4688163518077811
2,10,54624,0.48624637848526614,0.0817770565901894,67.95238302420435,20.547758173190125,0.38640981607993197
2,10,56900,0.6044662602530408,0.09727490509382697,87.06355700661653,25.68025956573506,0.45818034845208455
2,10,59176,0.5053197983021528,0.068713597811008,90.64805169882142,25.858957385349967,0.3733567396656755
2,10,61452,0.33505493740157294,0.18150321636054872,141.63740203074718,37.38617998911925,0.31877615639804174
2,10,63728,0.49854606462014556,0.08470031678901556,48.71452870614577,18.51515904163607,0.35984753890554483
2,10,66004,0.49425674761838523,0.0524911584131675,74.25332594295017,22.303201911714318,0.3841020375149805
2,20,0,0.546054999755948,0.0724787629089392,79.76025686317155,21.111281951836748,0.39619749994134956
2,20,2276,0.4527689066373496,0.058181560863190644,45.53721549786541,15.86729064559064,0.2882821305347466
2,20,4552,0.310256981623944,0.05017092199610996,77.33500550917928,21.9081476808643,0.2465349426556032
2,20,6828,0.39797363092263754,0.06526297653700189,124.6190077340478,32.359959857012164,0.3273671893444731
2,20,9104,0.41099900798790745,0.08876868423064954,127.7820557471769,31.89409079166247,0.32724289423022224
2,20,11380,0.4255507068963175,0.06632648174817916,77.50791584374453,22.254075158031263,0.2819025686383403
2,20,13656,0.4894923358417421,0.06262696210871828,40.70529591683897,15.245171569772944,0.3069935536429879
2,20,15932,0.6058266277433689,0.0782924047225858,45.69887527427548,16.008320963382204,0.4189269237828333
2,20,18208,0.6543014233172014,0.10635588805546187,90.1848257879877,25.746298407373708,0.5058566920457114
2,20,20484,0.45880219605384703,0.08458742552615173,50.71100848534018,17.484953221111212,0.28518205466662633
2,20,22760,0.43122337337063293,0.06535667980761337,72.96826080763864,21.756479617650292,0.2909671889726486
2,20,25036,0.4221220368674014,0.07834484722854518,90.43001455430844,26.1742734406198,0.30864556204788846
2,20,27312,0.2520013640801444,0.29234496993056197,204.68315032757764,45.27056207246872,0.24367338794940027
2,20,29588,0.4278535973106529,0.06077465870889957,30.24279885060932,12.831320754944976,0.2678080674993424
2,20,31864,0.5830136066545321,0.07769371090811995,50.68323828978344,17.057042229781167,0.35178640030907804
2,20,34140,0.3475677451360659,0.05330793637056226,55.58170650369265,18.3934535960201,0.2789717256598882
2,20,36416,0.3636348690750328,0.054649063582060835,35.28238708292314,13.401770887024037,0.21327715433215086
2,20,38692,0.478695925291446,0.0761527084459825,51.64348603514104,18.541554034304493,0.34296545269142414
2,20,40968,0.4460438260672184,0.07682463418312407,66.80937995307436,22.111104386712316,0.2973934601741027
2,20,43244,0.3429965221396573,0.09672772761975672,122.27312843501534,32.05814365187504,0.3050214352568825
2,20,45520,0.4311021837418612,0.07731387800248586,57.772309153157366,22.030688442535556,0.31244620983739557
2,20,47796,0.5440103102997325,0.10115476204903914,57.829692242057526,20.58761303355758,0.3752859503966363
2,20,50072,0.41146146660506094,0.07622479929697314,48.10996796719877,16.806899506486765,0.2932957338887191
2,20,52348,0.475240054715156,0.06179974703708141,42.22456538665585,14.505108398388364,0.2991601046420996
2,20,54624,0.36886294574145545,0.062035476915818275,34.03890830414084,13.170619161218966,0.24794874032721942
2,20,56900,0.3722283882210185,0.05990157518844842,53.80739274968239,18.430313362916955,0.27959578297616805
2,20,59176,0.43229218577985296,0.05878327247482363,60.11731600269644,20.3697364637804,0.2779864072308882
2,20,61452,0.2623098845549849,0.1420963621641305,110.64647926165134,32.043906834902096,0.2449189708137906
2,20,63728,0.33454244518352494,0.05683697675561076,38.36805569258114,15.08594788417719,0.25591899817323144
2,20,66004,0.4295282704952537,0.045616851157100013,59.60753644458282,20.038044856914407,0.3464762696110431
2,30,0,0.6119918621005647,0.08123066924615936,95.7784486082944,22.750342757922386,0.4333942237951837
2,30,2276,0.3802041854681307,0.048856872972003425,38.53861333407241,14.558897994159675,0.271223036951071
2,30,4552,0.3212080063510812,0.05194178627928221,56.126432629311566,18.76105649479111,0.22813799248903266
2,30,6828,0.40658895806499246,0.06667578846588922,105.24965650137,30.05508599093475,0.3200452942387716
2,30,9104,0.4572992362559285,0.09876873353259794,135.70587566958972,33.81197791901718,0.3659075202443793
2,30,11380,0.36306732467863595,0.05658779998108416,63.75547632102499,19.683597340518467,0.24727715429646382
2,30,13656,0.3417757115844757,0.04372770107273231,25.877825354509792,11.13554494993392,0.22304989694589483
2,30,15932,0.6018087391350647,0.07777316349638987,42.96266486441066,15.793724279266035,0.4117666399847139
2,30,18208,0.6916197516516872,0.11242193622426645,100.6499030222229,27.587556340740083,0.5572381585313971
2,30,20484,0.38412275998162737,0.0708190929169667,47.23369368910119,16.974345209889158,0.2629895788569628
2,30,22760,0.32042460182529653,0.04856389842759875,66.46279644012688,20.041086215128278,0.24545708335135394
2,30,25036,0.35658871216016885,0.0661820178470989,74.61785844561219,23.96472563327323,0.27165279491234795
2,30,27312,0.1961425303997151,0.22754353874676927,148.89020124090092,38.256522357083824,0.18466271405198958
2,30,29588,0.4164458383752728,0.059154238405578534,39.068198535974865,16.044300365969764,0.30301827599870945
2,30,31864,0.44736364786964683,0.05961669081418535,52.26023575177741,17.479900995510885,0.32245380296994686
2,30,34140,0.37308724049550684,0.05722196940115136,47.404122735804485,16.60715911827076,0.27910563214085876
2,30,36416,0.45811110614733713,0.06884747612674139,46.00603866620385,16.326043821269252,0.26973902725580634
2,30,38692,0.42193189792854585,0.06712247819416893,57.45907949880458,19.77665832109709,0.343362566725636
2,30,40968,0.30148742061673983,0.05192687230739577,50.437681167560996,18.09027675976606,0.2217720758351583
2,30,43244,0.4019341151408199,0.11334859423034967,129.37180346590307,34.11721775183128,0.358950093246228
2,30,45520,0.4124269089089983,0.07396465367808434,54.45686781912076,21.4675867189219,0.2976680496740617
2,30,47796,0.5352351488577255,0.09952308457748708,54.3383388832985,20.688422163072428,0.4071061053344494
2,30,50072,0.5397108698611558,0.09998348830328933,57.128891362027645,19.03550273621059,0.37830087113061484
2,30,52348,0.38717929751314445,0.05034841320066898,42.95086103978934,14.179769459998917,0.2634749296613138
2,30,54624,0.2775003093333674,0.04667008229622728,31.20329305296871,11.200655936620489,0.19258221200846187
2,30,56900,0.33375336723662474,0.05370990782694315,40.65528434229792,15.784948746305503,0.24732968214326403
2,30,59176,0.2913785678227199,0.03962177968761489,61.8760519569564,19.43246486744244,0.23747303378153986
2,30,61452,0.22441681184448004,0.12156923718552548,89.16057413500931,28.72738049347558,0.21095570348871096
2,30,63728,0.30124485130229967,0.05117989318761462,37.76171141913293,14.824297671039549,0.23671612054555322
2,30,66004,0.31523799118265133,0.03347897102619492,42.20078502374296,15.47882624270764,0.23808894832385152
2,40,0,0.8524979536826646,0.11315343160109698,153.16521806223886,26.885373932930108,0.5934079948134293
2,40,2276,0.46240614772737726,0.05941996244247973,50.83639398448035,18.196014984064153,0.34993254198375473
2,40,4552,0.324536190202467,0.05247997901074822,73.44408290677254,24.535873946890135,0.2856565788173602
2,40,6828,0.14944999830087627,0.024508035142813422,21.848726961638125,8.25721187092287,0.07181640176321123
2,40,9104,0.3764981293274245,0.08131709056747828,85.36248266750401,22.185296074131628,0.24318711377057567
2,40,11380,0.320513257030874,0.049955308140722264,52.71012399789707,17.990801176333267,0.21526797650767954
2,40,13656,0.2924976641288568,0.03742293553337472,22.09560363225341,9.863576401292569,0.2119419312375471
2,40,15932,0.4902494249481221,0.06335609006825048,38.7898807574386,13.30832014609539,0.3152565280712939
2,40,18208,0.5832654098413503,0.09480907182076566,65.17550547723044,20.425000293560128,0.36523338375238185
2,40,20484,0.23256365486646968,0.04287678002700399,17.481900556697347,7.901419408872709,0.14470463294370667
2,40,22760,0.285502232742027,0.04327102648409018,52.54240899360679,17.28763416271679,0.20875555200567447
2,40,25036,0.33029081723921105,0.06130119102435246,69.4367318700226,22.835051475847862,0.2520657724481606
2,40,27312,0.1609598205263216,0.1867283300769392,110.65531538642051,33.090114808177745,0.1487813219352205
2,40,29588,0.4318717470395866,0.061345418613577646,59.693237623791106,21.411884700109535,0.3725919946182362
2,40,31864,0.3486945500701255,0.046467823836637195,39.654322690431286,14.911711671389794,0.2759489123337228
2,40,34140,0.3170237246585551,0.048623270653152625,46.23863722990799,15.8699051945127,0.23073933148103115
2,40,36416,0.33073466809867735,0.049704639028956624,20.778044870302274,9.006048747153187,0.17799503101402317
2,40,38692,0.30071084547344573,0.047838187316806516,19.78492195290839,8.748560419296004,0.16487899591109303
2,40,40968,0.2983626710613026,0.05138867913560155,52.738934859574,19.005709442487763,0.24493214564955165
2,40,43244,0.42880465887166347,0.12092629973820178,136.89314960655528,34.507647979022984,0.3686137506049982
2,40,45520,0.4106510314530447,0.07364616776417587,50.560761938961306,20.218951982828223,0.27979935490489255
2,40,47796,0.4082539577113653,0.07591185528288683,39.364081087309835,15.426797009078367,0.2684854314637103
2,40,50072,0.3894264033526341,0.07214272014683848,54.02082305669622,17.95362819629909,0.3074060268920008
2,40,52348,0.3357787335172053,0.04366433465763398,45.66220510569987,13.15350483189364,0.22989820704557273
2,40,54624,0.3311546327360068,0.055693681926674544,30.431548445729106,10.894841260413928,0.1973687322156914
2,40,56900,0.2657959554940648,0.042773729561323595,29.831281323264395,12.384699576144174,0.18934911155403794
2,40,59176,0.26989656159905895,0.03670064748423429,60.34831649540372,19.60377749756133,0.23154339191863324
2,40,61452,0.1721713590114107,0.09326725840271435,65.1185131740049,22.44104609467084,0.15335349409825305
2,40,63728,0.2837483788480632,0.04820733585594006,33.54166983891255,13.223214999571061,0.21421158369184523
2,40,66004,0.3694499719378542,0.039236403136985364,53.952197272726195,18.34718468473761,0.30024076856479115
2,50,0,0.8722058374747113,0.11576929087798132,165.9838937093093,27.790332416325814,0.638635392399813
2,50,2276,0.48668636461463854,0.0625400108731224,48.78840644791113,17.565084857028715,0.3380751844971743
2,50,4552,0.31734348444084337,0.05131686359004582,66.77303829773828,18.897959386708322,0.19967563561762963
2,50,6828,0.578507623077812,0.09486841965854574,139.56065144574097,35.839200008854625,0.4322069288447201
2,50,9104,0.24669357365838204,0.05328154938625961,77.34576845716946,23.887315252582717,0.19092177602638083
2,50,11380,0.2946614587789709,0.045926037839615165,51.13497182179497,17.132463353750108,0.19704972609532861
2,50,13656,0.37187894799469096,0.047579189866260356,33.095834452197806,13.871091779129166,0.26797951266357
2,50,15932,0.42549248683198093,0.054987398143187,40.55002124907326,13.711232733546316,0.3166125124971135
2,50,18208,0.48126004934552263,0.0782282264865934,67.42821944919447,21.453308497139787,0.3704007476170917
2,50,20484,0.27930815527912556,0.05149486638626946,37.63133548485562,13.774169197367698,0.20604455828498125
2,50,22760,0.4542069817644648,0.0688401002977364,107.7191402524827,24.303408343079035,0.3299223142182966
2,50,25036,0.255084754048386,0.04734312435938864,55.154488753030904,19.376468466204173,0.2042697005770589
2,50,27312,0.20140186563153617,0.23364485572103966,110.8239343424641,31.831090537317603,0.157551321221448
2,50,29588,0.4073452664448918,0.05786154352910395,51.154787158604634,18.049524343072612,0.3047221579536772
2,50,31864,0.2907467874909666,0.038745574025981694,34.32047100770087,12.22031282633029,0.1971930515384159
2,50,34140,0.3492231925861321,0.05356183935370125,42.31848928594925,14.576750167121592,0.22965158944113043
2,50,36416,0.415406042989151,0.06242952254120093,46.48413466936919,16.758980608865734,0.2823135404588859
2,50,38692,0.3358142971514783,0.05342257352075697,40.690183312410184,15.29507983039501,0.2520382031095269
2,50,40968,0.2744823725352413,0.04727564115315903,46.25787977739424,16.832877012526755,0.2089494868769528
2,50,43244,0.637028412191657,0.1796470423552332,194.89871605661327,41.49052756543959,0.5434387332500599
2,50,45520,0.3231689014007967,0.05795712005035808,52.168585067621976,19.97092141073315,0.2404844166463997
2,50,47796,0.3663830822812674,0.06812627041302854,35.859191894247424,14.649446762807262,0.251440214364535
2,50,50072,0.4567136120773861,0.08460793109992333,54.17254395511719,18.110461892612513,0.32881619699375075
2,50,52348,0.3555535252566001,0.04623582903206764,48.528375382054996,14.291252930505097,0.2615681111188873
2,50,54624,0.23773743444818027,0.039982750495825815,19.794382378895627,8.35655860118433,0.1577753386354261
2,50,56900,0.238646168874388,0.038404597501510776,39.45303666580079,14.683914525891364,0.18790525104441397
2,50,59176,0.26809963011160903,0.036456299987980556,55.01657183444062,18.61308307563996,0.22533421124724512
2,50,61452,0.26323450785887953,0.14259724152702033,76.28125631338163,23.96372129075196,0.1869771229980744
2,50,63728,0.21398124969704255,0.036354272799361625,25.413780744729458,10.3172512237704,0.15856126064659107
2,50,66004,0.3777679589697717,0.04011979173425783,41.815098878500386,15.70843257270248,0.2982959453783755
3,10,0,0.6477978018249145,0.08598324951219996,84.96167308061278,22.732307604353455,0.47446911122084706
3,10,2276,0.6102740018391142,0.07842122871229944,81.09806928946949,23.146899474053733,0.4575261957211807
3,10,4552,0.46820903630749905,0.07571297482333425,124.04109007904052,29.38215895086127,0.38753512587700994
3,10,6828,0.5848686874973398,0.09591155911730727,170.5711542580507,37.89768558067222,0.45064875045788405
3,10,9104,0.39698406216936183,0.08574169809273473,163.47467940336685,33.7746681589257,0.3352866393429898
3,10,11380,0.4451329042973147,0.06937856987177599,134.53345309682027,30.700366810400116,0.39295112536503457
3,10,13656,0.38892384993417717,0.049759960329347125,53.23684223312147,18.58692143130711,0.34034754683716306
3,10,15932,0.6367248933197248,0.0822854604962167,67.13573559209611,19.611997441229498,0.49089986565795335
3,10,18208,0.7527337055982706,0.12235593393990093,121.44816428288152,30.199464514987618,0.633221825282203
3,10,20484,0.6043768197778443,0.11142640482629872,99.76631167307703,27.162735902734912,0.48368290122067503
3,10,22760,0.5240776125577992,0.07942976849921175,109.8949991127067,28.54224146466191,0.42286486544457946
3,10,25036,0.44543944238899896,0.08267250229936877,107.65183661067732,28.74298923925551,0.3475782423653601
3,10,27312,0.3569732077426398,0.41412205074552183,289.87205673298655,52.98357137445381,0.34557482617173035
3,10,29588,0.5446304639741039,0.0773622818145034,54.31257272685328,20.383218199953696,0.4192827399160131
3,10,31864,0.6260037573490568,0.08342267555291269,90.62164555032923,23.884827003387695,0.5055980751205514
3,10,34140,0.580054367607521,0.08896539380483452,111.45466640359007,26.962082348157544,0.47776072726380653
3,10,36416,0.6019083407517625,0.0904581215436974,96.40762493733462,25.91163457658664,0.47414380080836166
3,10,38692,0.6494438703151575,0.10331591955379535,93.88403262409561,26.5876441678579,0.5314733652176631
3,10,40968,0.4819126010268858,0.08300251481689387,96.61328520898267,26.91738971599343,0.3775289571075593
3,10,43244,0.4241026152434391,0.11960028630666643,141.19080730476028,36.39871682934274,0.3927195767563679
3,10,45520,0.45871818281292037,0.08226653206831426,82.196190932267,26.643481162753314,0.37253723323570515
3,10,47796,0.5617186314226339,0.1044474956159602,82.47531247741631,24.78363506362857,0.4378282724493082
3,10,50072,0.6358590930678107,0.11779531179470373,83.2020855763366,24.360057248848076,0.49030295467134727
3,10,52348,0.5954968498596807,0.07743782182830698,65.5568397170837,19.30467913323564,0.4330201009854308
3,10,54624,0.48215158503550454,0.08108839304330719,68.96404581387425,21.011468576695698,0.3937758821536669
3,10,56900,0.5431598764703355,0.08740905640011835,84.0863145694936,25.360131926368325,0.43911701112774193
3,10,59176,0.496054963039806,0.06745376163173865,102.62702989156853,27.21106040836208,0.3866590954702495
3,10,61452,0.3586208169808369,0.1942691316255888,152.15429509113022,38.781993777179785,0.338991635084055
3,10,63728,0.4335207437912525,0.07365286167027735,45.79185943515788,16.705883783701758,0.3081052029183407
3,10,66004,0.49944100835868277,0.05304173835584991,71.1023120086564,22.298067795459055,0.39230458392144035
3,20,0,0.4226229458794172,0.056095426848874065,57.858626095491914,17.568566349448307,0.3091757807794274
3,20,2276,0.4562481456183669,0.058628648884395645,53.32835335608933,18.033912037899444,0.3257922847300637
3,20,4552,0.25317002261738963,0.04093952500281203,61.387532703112576,18.240448237104367,0.18640958417177333
3,20,6828,0.1885844682748074,0.030925626151985467,21.022492558191075,9.090529357783685,0.08974625028820236
3,20,9104,0.2961480445995336,0.06396286060465087,117.86548262114526,28.816334050689996,0.2578898167921983
3,20,11380,0.36949431814378536,0.057589513426400465,68.9270701324845,20.494504456118552,0.24141947202770986
3,20,13656,0.19344483771348372,0.024749851293946228,35.68444648631318,12.720386179222833,0.17850070042283345
3,20,15932,0.43094810711295944,0.05569244082617724,20.393308755201733,9.24316273662606,0.2928314125334442
3,20,18208,0.4553869889729123,0.074022592485844,52.88854469668901,17.896761349009893,0.32165526254769733
3,20,20484,0.4472789248484808,0.08246292862250752,66.28145928240056,21.296652426414013,0.34154614776244485
3,20,22760,0.38455413539010697,0.058283439737815544,77.00820471897806,21.548534642589825,0.27266252753532655
3,20,25036,0.34856759149017497,0.06469331690612008,58.1378194357873,20.08756991735918,0.23497264332801088
3,20,27312,0.22886172817980324,0.26550084475615227,183.31137982705008,43.23071059309371,0.22313089025906258
3,20,29588,0.28848599913667167,0.04097812487736814,22.22389585696038,11.01322405812043,0.2188913299904486
3,20,31864,0.3671084073926693,0.04892169608111265,65.30518463414954,18.130355428792967,0.2904878420577426
3,20,34140,0.20438860468117298,0.03134794550324739,12.959659392087076,6.0204406187526365,0.11969382062082635
3,20,36416,0.3065572855111708,0.04607112796981827,28.382078179794174,11.296847013718438,0.18627777006379773
3,20,38692,0.3791680787188426,0.06031945254833641,42.271974039995314,15.890946144439152,0.2716605983921321
3,20,40968,0.35905219883444744,0.0618415774775142,60.10557072412915,19.692553226777434,0.2473905960837977
3,20,43244,0.30812806697461514,0.08689454793418364,98.56126912677922,28.89380564562561,0.27486677265040116
3,20,45520,0.3137115043447441,0.05626103019095123,71.16721389947101,22.897126206355896,0.25934909030991704
3,20,47796,0.3469104512582075,0.06450547624734243,50.86902374149659,17.541661789151267,0.27433946871050446
3,20,50072,0.31832487321704184,0.05897089166673617,36.198305091015015,13.753436266814859,0.24238081355352772
3,20,52348,0.2543713742850163,0.03307820211768743,18.28825022167778,7.908014503139346,0.17376914966990067
3,20,54624,0.20038544129584512,0.033700881482651386,19.59504270821676,8.63674940476832,0.15483704572367604
3,20,56900,0.23019781891749425,0.0370450304019141,33.33491368304353,13.771779930096322,0.19065001602232207
3,20,59176,0.2770052050352401,0.03766728379592604,64.44757944995015,20.809122091770536,0.25726676899590506
3,20,61452,0.28071375043533986,0.15206595364861314,117.06019392734129,33.13721881668478,0.2635901675889813
3,20,63728,0.26980882771026965,0.04583908048084771,38.63300184565755,15.15121288989869,0.23820071999335435
3,20,66004,0.3276935913421285,0.034801783277626216,42.93513630133097,15.989160424533841,0.280154705449024
3,30,0,0.3120540992857583,0.04141944508703986,39.73734431167858,13.621727348901652,0.21028502550489592
3,30,2276,0.27374530495804283,0.035176728984585307,30.08412241718121,8.840931656406314,0.13920644007761435
3,30,4552,0.12130954019377795,0.019616678556561764,10.683039805102132,5.016259465999926,0.06866999908349139
3,30,6828,0.1669688360492458,0.02738091768600292,19.15488245983751,8.35072634776107,0.07099410043504376
3,30,9104,0.15915139753236993,0.034373951950835833,55.854652795889415,18.416371420509034,0.13207781012988848
3,30,11380,0.11527576942204429,0.017966921668024362,13.10274755227207,5.6069910282372115,0.05179363609261593
3,30,13656,0.15393151629657098,0.019694410989837638,6.658007788634023,3.160709359060544,0.1007557960538511
3,30,15932,0.29159404622634394,0.037683386692471434,15.146137789718296,6.713178901407137,0.18646209093086674
3,30,18208,0.3214080513434413,0.05224448168781556,25.184221613916108,10.655580802094473,0.20382539153752285
3,30,20484,0.1312496852409648,0.024197950818761946,5.482341235169384,2.501815810756835,0.04920084131992072
3,30,22760,0.1929650528424746,0.02924599164026593,30.25087293255437,11.663881927573524,0.12917602344554377
3,30,25036,0.09476186608635773,0.01758757722463952,20.08011521022445,7.861610982036938,0.05734317639290287
3,30,27312,0.24748784514556357,0.28710886907838,162.91731193275558,39.06466210355494,0.21515694614933484
3,30,29588,0.2624482528185038,0.037279581366264754,29.559743790586097,12.998105335880597,0.22209996587023345
3,30,31864,0.15489509404776813,0.020641670315534134,19.451405153037594,7.125509140344197,0.09421848624421574
3,30,34140,0.1125885679596003,0.017268185269877348,6.410540053259509,3.10221494144412,0.06043585508644238
3,30,36416,0.23805594496934035,0.03577636684240162,26.176319272704834,10.650751578084698,0.16305721834274836
3,30,38692,0.15671624725828506,0.024930997018499056,3.784289257262537,1.8538798054937484,0.054335199576380916
3,30,40968,0.10158163226864479,0.017495975244341162,10.13249542011892,4.538806023141503,0.05723165197256412
3,30,43244,0.24630321359801055,0.06945945109926976,59.34214737816058,18.94134085675149,0.17263453419487873
3,30,45520,0.28783909850385253,0.051621072185052456,55.82210249318753,19.613829735538875,0.21559289962072595
3,30,47796,0.3880887705569842,0.07216228533971444,35.60967059535728,14.721225102434449,0.28441596541634284
3,30,50072,0.18252604967058886,0.03381364388117615,13.647549360982294,6.194393804922663,0.1083752500057177
3,30,52348,0.15201224082504927,0.019767521563725524,6.347902691545119,3.165888004995511,0.09000715164090933
3,30,54624,0.2171003996312977,0.03651200801064543,26.26824552161259,9.762131252512425,0.14396131209803364
3,30,56900,0.18289591107020667,0.029432879155166826,16.277634040575897,7.83697303534333,0.11625952296008212
3,30,59176,0.2090150226524256,0.02842195031988382,15.498623222345298,6.862324270943591,0.12371496131889247
3,30,61452,0.21205279147215733,0.11487150133919681,82.09210567569049,26.932249661875673,0.196396800237214
3,30,63728,0.22142252582280256,0.03761850591620838,34.45082276877799,13.123315892201779,0.18282953356629641
3,30,66004,0.26315374912145645,0.027947509464895545,16.540223429316057,7.521279818082151,0.1851099959380527
3,40,0,0.2997125909664464,0.039781336735657875,22.426222726582935,8.759998302778053,0.18482591085303982
3,40,2276,0.2582921459305992,0.03319097223472105,21.713755115130358,5.843455873240884,0.09028136261224842
3,40,4552,0.058156541143268785,0.00940435658849754,2.2932199764437096,1.111921068024109,0.018888374715747155
3,40,6828,0.1403460499206846,0.02301509510014506,19.22565848707945,8.428547345573122,0.07766855245964996
3,40,9104,0.09998790261657009,0.02159565931243414,15.737366780824335,6.705371999375659,0.05397937499499939
3,40,11380,0.15475564625831317,0.024120269055223378,11.969988712804131,6.478807814627835,0.058294654122768526
3,40,13656,0.08032245774360844,0.010276670642733934,3.835559105409529,1.935025309331835,0.04863101578628561
3,40,15932,0.2199111976453567,0.02841964301439089,17.688179871423962,7.430017992127325,0.1587286178012821
3,40,18208,0.18312288602628077,0.029766398898940307,7.168814377543724,2.926502963162161,0.07143975857444662
3,40,20484,0.26361281975782835,0.04860118358367042,7.5515014455084435,3.522300462294439,0.11057011016676999
3,40,22760,0.14168906765994935,0.021474547993323635,26.56654986258348,8.992995046485634,0.07710636915031908
3,40,25036,0.13164935715298157,0.024433807934851812,15.271810767807692,6.802922706475139,0.06593193587867414
3,40,27312,0.12355257007670664,0.1433324478848105,39.72125842053957,14.416111840357008,0.0729258949205353
3,40,29588,0.0957791822274515,0.013604997475490273,6.005933727948719,2.905981855476584,0.06450340274105153
3,40,31864,0.046159349624257856,0.006151299256964,4.826606293230758,2.2084081822132733,0.026620209658591753
3,40,34140,0.13173134405899764,0.020204193874079394,3.580000806263697,1.6454738875456065,0.05253531210846935
3,40,36416,0.14435243248360957,0.021694083631441173,5.722418696586678,2.9260680361964817,0.07072304351874549
3,40,38692,0.1715052032326709,0.027283678528900877,4.515419905988698,2.4274968059176047,0.06337982535168869
3,40,40968,0.09013553612885189,0.015524549798286581,14.291441803639682,6.212475096782987,0.056107924981350484
3,40,43244,0.19406192891090654,0.05472699630877229,25.239793026745577,7.967880654778353,0.06859695818869446
3,40,45520,0.23148784572584316,0.041515036894878614,41.791311003004175,14.432474575990026,0.15069195820003198
3,40,47796,0.23971190322647176,0.044572685612954965,15.794970660149563,7.655948254661427,0.12954347954580048
3,40,50072,0.201038624938001,0.03724316875472416,12.77172171525022,6.091161082395693,0.10539891929277463
3,40,52348,0.1601015433968524,0.020819446475533472,6.119016141906904,3.3325134531136413,0.09531413723050951
3,40,54624,0.04418699779615174,0.0074313820713339624,0.9597913176321051,0.49162771591722265,0.013732166065838967
3,40,56900,0.06837177913198052,0.011002861141290716,3.2149379439729766,1.6519071441434539,0.02646435799352048
3,40,59176,0.08654486950165592,0.011768407601530586,8.851805333809049,4.065792415609829,0.06030072162246083
3,40,61452,0.15445569201181458,0.08367047237909782,30.875451445504414,10.985790788338866,0.08098238942984462
3,40,63728,0.07891553533900207,0.013407328463982682,5.095526287372371,2.380814981044978,0.044746579950616865
3,40,66004,0.17866143230919881,0.01897423877540344,22.42589154588242,9.22950844603845,0.13863732661050246
3,50,0,0.12621228875870014,0.016752361130700843,3.026151887141659,1.431059683114295,0.04328070410124242
3,50,2276,0.07776067796981087,0.009992377020021957,1.883815123141926,0.89039546376355,0.021074297842255466
3,50,4552,0.03646783860573861,0.00589712784698231,0.8067466567783668,0.42280833017249225,0.0088908817855424
3,50,6828,0.016900314993174622,0.002771452114328406,0.3444218903381565,0.1417604790527848,0.0021422558847089463
3,50,9104,0.017771001774662756,0.003838229324981156,1.4241375393141318,0.6927740273214451,0.0047436643337693775
3,50,11380,0.06294827459409733,0.009811140055189734,6.486703822703259,3.157691220486284,0.023921518081347456
3,50,13656,0.09634339716651752,0.012326432595511453,4.4235123726543435,2.132953898232388,0.061067844241425646
3,50,15932,0.13488431809626647,0.01743141872528644,4.302277005940159,2.1312540384561074,0.06929309407964022
3,50,18208,0.12147105834633587,0.019744970472421304,1.8384126386675008,0.8658219306324488,0.0303607100733015
3,50,20484,0.14490643808035122,0.026715788731628172,3.734487606506897,1.7888435125116664,0.05043282208294344
3,50,22760,0.11905052409664127,0.01804342590127937,16.39830062743645,6.187748218540899,0.055024196205422385
3,50,25036,0.07814939832761877,0.014504342674019817,11.987474330884272,5.253709884243595,0.04159474847749559
3,50,27312,0.07438230855503718,0.08629038115433547,30.304652822241184,11.345243622907383,0.04643820773168797
3,50,29588,0.028290707291579908,0.004018566376644874,1.1464257533572875,0.551510462790106,0.02860138533583115
3,50,31864,0.03827330760634618,0.005100387474193255,1.8205111558976554,0.7915668994042071,0.01095884924163608
3,50,34140,0.20966164943281054,0.032156694698283826,4.847483941556347,2.1433905936923203,0.06632784676046409
3,50,36416,0.1230525251270134,0.018493015498499157,3.835631967877625,1.6905812436447203,0.04244095335906179
3,50,38692,0.042340008924848994,0.00673560434693748,0.7881860564000925,0.4155950424023598,0.011690294496715202
3,50,40968,0.0886500423410861,0.015268694857231502,5.283317137718941,2.6236513658003755,0.03046064684090917
3,50,43244,0.16541468859931727,0.04664824833596088,18.87850401802862,5.89636538676555,0.051574575174440765
3,50,45520,0.07150834846313775,0.012824309265268605,8.86691073204225,3.6701845041047405,0.03161166248718432
3,50,47796,0.339852592836934,0.06319311878708331,35.5111589344285,7.256653264913966,0.1279970888401508
3,50,50072,0.1647864544201337,0.030527316491317843,3.5207123845414308,1.771264117714215,0.05331180782020443
3,50,52348,0.1371899162548296,0.01784004112546549,5.319693262571001,2.8148509868099127,0.07512001802307788
3,50,54624,0.04841308757025187,0.008142127072023523,1.0861000024389655,0.5629830524355953,0.01541099289838273
3,50,56900,0.015227629473702587,0.002450535802012003,0.4303171214405949,0.21768805430615715,0.0032960626955524236
3,50,59176,0.0370610086436994,0.005039571477250394,1.5466884165795676,0.7687835299425195,0.021360578790787062
3,50,61452,0.066902942185732,0.03624211386009318,7.647749980848538,3.369113237348418,0.027115984463129243
3,50,63728,0.0483589153976898,0.008215921746124668,3.725877835298662,1.6700279908041915,0.026486268384507877
3,50,66004,0.06392742715459517,0.0067892339798847874,2.1118185967217595,1.0203505687041636,0.034972658930781456
4,10,0,0.7502225588494221,0.09957825309920655,124.91221694953485,27.08466485137448,0.5949266877238227
4,10,2276,0.36513519832419916,0.04692048295093795,47.21833585137288,15.990261794765642,0.26853593115364593
4,10,4552,0.3422771257800398,0.05534882370311123,106.55913985012046,26.26851939678622,0.2944552093961673
4,10,6828,0.21151453820840807,0.034685886882323394,58.28538736552061,20.278649667255827,0.1686304886269928
4,10,9104,0.12311378283843534,0.02659044985711346,33.97974585125095,12.77340529742837,0.09375179697758346
4,10,11380,0.3884851199234517,0.060549426421984374,109.64719462057084,28.15417144421551,0.34866500267314604
4,10,13656,0.3455357029425031,0.044208764450166714,59.779610916015145,18.61872374206941,0.30426421609962856
4,10,15932,0.6681078521229218,0.08634115431932306,57.68904512909418,18.422848083022902,0.47295685059394055
4,10,18208,0.727156157043192,0.1181983350200247,127.12000958652285,30.23087644373047,0.6232138944889486
4,10,20484,0.332111987319745,0.06123008615777009,42.88603870531213,16.00011266391034,0.24229086527712304
4,10,22760,0.2932065280519242,0.04443869779507793,50.318756865754864,18.204401070099035,0.2249693245920839
4,10,25036,0.45729919625412485,0.08487364444211672,126.57258370664503,30.950847457546544,0.3759429583626259
4,10,27312,0.35179997043924804,0.40812061535875643,283.74847503883905,52.88273355679289,0.3417540451106607
4,10,29588,0.47509615267631894,0.0674852489597044,53.31564734730738,20.00048885488014,0.3867015262161824
4,10,31864,0.4887800843535577,0.06513593874647625,81.27209612736908,21.57766094323726,0.4067190167180391
4,10,34140,0.2969963751490771,0.0455515912805333,40.0185435430173,15.223304077750829,0.2275815538710727
4,10,36416,0.5237178105628089,0.07870721529347895,85.7873964134351,24.083661616431172,0.4182267011968773
4,10,38692,0.5244720474730039,0.08343494232787209,67.51144171433813,21.896157112111187,0.40867877761553145
4,10,40968,0.44307094875451175,0.0763125988209631,100.72107873230274,26.97990775261754,0.36060011518037605
4,10,43244,0.38012427094985685,0.10719804595314632,134.38535364802294,34.3426827292683,0.3468581337134235
4,10,45520,0.40650068719059784,0.072901844905057,78.12962121314463,25.102177588399204,0.3321771643977908
4,10,47796,0.5444291164326235,0.10123263600457857,74.57513895776835,23.533482274546174,0.41731704688370014
4,10,50072,0.36244664323705095,0.06714461712431474,49.86888220146864,17.10411719810144,0.2904504793647342
4,10,52348,0.42382091702506386,0.05511325318921507,57.34950609563681,16.89859495985841,0.3361477955889742
4,10,54624,0.41596262358767666,0.06995671436052417,62.6078063378453,19.71611670028309,0.3502985516367644
4,10,56900,0.5010682272639554,0.08063537612873437,81.78033576486575,24.651538165904817,0.41604956307192176
4,10,59176,0.3800509772607812,0.051679491060753494,85.38178482668067,24.56667032835719,0.32748442940101796
4,10,61452,0.34051608488789287,0.1844615844463125,144.28719950568097,37.61874445272167,0.320878691744327
4,10,63728,0.3210614420818807,0.05454662624564741,44.23471112077086,15.929994904429378,0.2720239019707092
4,10,66004,0.4736231166980012,0.050299821229609305,78.67934975473679,23.43466106603236,0.39691043579784285
4,20,0,0.03219974660215214,0.004273924422903125,0.9312933516036453,0.4725155487848993,0.012863482443993506
4,20,2276,0.011528685096765589,0.0014814552938531983,0.9839141081733391,0.482935023547514,0.0046567651408709575
4,20,4552,0.12382946240246717,0.020024169211265715,29.14086283582304,10.627177074009637,0.08740924934613005
4,20,6828,0.12924566643792187,0.02119476327286354,47.02235555155932,16.312807142120572,0.10233841306881036
4,20,9104,0.08511695039183285,0.01838379058138938,31.942473151988317,11.81405276414874,0.06170800286490659
4,20,11380,0.16695667170648465,0.026021925141285016,21.343535342341845,8.62009332897155,0.08790548949599335
4,20,13656,0.1660752081804825,0.021248107494944022,23.975215084231184,9.29567662546172,0.13585038339982347
4,20,15932,0.09934454045838806,0.012838529394984243,3.174145414681031,1.524762737902624,0.0617394495691513
4,20,18208,0.0396918194918853,0.006451856224298651,0.5728733428227833,0.28120239433017935,0.012021007287157952
4,20,20484,0.12787504907574074,0.02357578338417049,18.636967232854108,7.979743627818755,0.09973157911102933
4,20,22760,0.11707265562269939,0.01774365802102143,26.372952828293016,10.005820431051788,0.08615752472632361
4,20,25036,0.1418063352816429,0.026318918946110416,34.41568387568405,12.969236618889276,0.11095567879385293
4,20,27312,0.22952190603716666,0.2662667123401005,171.57913387464822,42.112337449786104,0.21944804298210382
4,20,29588,0.2588485569991771,0.03676826093738311,26.065557567615592,11.843458455933357,0.19905782951367393
4,20,31864,0.1460313839903243,0.01946047228016049,19.155699488716966,7.365640159076592,0.09439037495646146
4,20,34140,0.08314298391147058,0.012751991397464814,3.3332902208865742,1.5815374708385475,0.039609482549307025
4,20,36416,0.11343861521286511,0.017048183831209065,11.92227346710352,5.313651284876888,0.07665116448830601
4,20,38692,0.08086003679828362,0.012863512058269745,3.0846243138381233,1.4727113863915675,0.04107442386023673
4,20,40968,0.20126279357810148,0.034664621697916204,44.18129997326065,15.599354695032943,0.15833277272636828
4,20,43244,0.1771685944566431,0.04996294259916613,46.673579104553816,14.397911716283085,0.11370123692124463
4,20,45520,0.33808308490008016,0.06063183014707319,95.50304866730332,25.884506643604638,0.28047873640101656
4,20,47796,0.21520128223608095,0.040015113840848084,31.828439462260317,12.805394311698262,0.15962642748375327
4,20,50072,0.10256632929279855,0.0190008020179323,7.825605985293895,3.4292988645849487,0.04248240503446238
4,20,52348,0.13350707582758106,0.01736112819604435,8.666301292444857,4.241520731193246,0.09840455755122672
4,20,54624,0.05933736016513212,0.009979374397095883,1.8222774474232835,0.8964292419711266,0.028497973685283427
4,20,56900,0.029499902458773177,0.004747329008492626,1.8543002768444485,0.9328853461875521,0.013839524202945618
4,20,59176,0.12614867778348723,0.01715375003854871,25.565968768804208,10.19081722867054,0.1151854773571361
4,20,61452,0.27955592268424756,0.15143874468269097,113.59625073403264,32.24453357839641,0.2555790127141613
4,20,63728,0.04471872682964877,0.007597473127701116,4.851938476635013,2.270730740845429,0.03711846295875492
4,20,66004,0.12054693273195967,0.012802350545025452,17.164450205445252,7.210487028076548,0.10150174460140407
4,30,0,0.10984554635716189,0.014579976952105373,2.950626578099802,1.6366035136162589,0.042738490619172696
4,30,2276,0.010423267322333894,0.0013394072632143272,0.186657619349377,0.09194144240579173,0.0026145798532985222
4,30,4552,0.1401045514699091,0.0226559753347201,16.358907777140516,7.55158923430585,0.08792792317368102
4,30,6828,0.0007895942904727088,0.00012948414077938812,0.052478096601159825,0.025721129656033737,8.431967937433055e-05
4,30,9104,0.035101126692167764,0.007581236866558911,12.046535130134759,5.160380705666518,0.023007950104355735
4,30,11380,0.04941159209683878,0.0077013079951432015,10.67188422037399,4.702571091534876,0.03214929426408033
4,30,13656,0.0822900097977301,0.010528404528880514,8.073938832224922,3.7804574922401053,0.07307314427964867
4,30,15932,0.027987395753582656,0.0036168771974131116,0.47251625716307644,0.2283575113642551,0.017940073809957807
4,30,18208,0.20518791355608998,0.033353041865424246,12.85136822206663,5.87299733005519,0.12645593914792158
4,30,20484,0.0486787679724106,0.008974699109957705,1.1077535532356098,0.5360344501605955,0.016131509090892535
4,30,22760,0.055033173987894944,0.008340887236722484,7.9542592600257285,3.5908858240382076,0.03569482546659663
4,30,25036,0.041733892327354104,0.007745711270852655,2.459991438483598,1.0522616577636967,0.010174438738504233
4,30,27312,0.08729619401458309,0.10127168679185973,36.4205898060834,14.471932987069733,0.059960340107074336
4,30,29588,0.05002793672583552,0.007106241012192546,5.028282044062899,2.4265057845104674,0.05259096924505396
4,30,31864,0.04077538686608733,0.005433820211365583,2.1950271341723204,1.0584419519375383,0.019014964580084406
4,30,34140,0.03316239367488904,0.005086256698602614,0.5352478421821637,0.2601228814243958,0.007229075279066888
4,30,36416,0.12215075115361218,0.018357491907666394,8.74086385639727,3.295391931906911,0.04753138876763971
4,30,38692,0.04174512049594886,0.006640967307659698,3.5770447699842176,1.6246854510079018,0.01809150715927127
4,30,40968,0.01662734154483388,0.0028638204520898864,1.386480053171828,0.6788471296279804,0.006522297394060942
4,30,43244,0.02606953623878349,0.007351815070158909,3.034614956124389,1.3717419984313322,0.011128423101100328
4,30,45520,0.17091908151961682,0.030652632984149355,31.627611914430197,12.122565581747907,0.10614148598334255
4,30,47796,0.0995977573508979,0.01851947886777574,3.2756503711324667,1.5589012179208694,0.030065162679935135
4,30,50072,0.06279693361847682,0.01163337043691679,3.873061725367302,1.9132896878788201,0.029695379895089823
4,30,52348,0.09326524406694223,0.012128120164751916,4.121714259488631,2.1491703459444,0.0548995838291094
4,30,54624,0.0055584704600227805,0.0009348251698659234,0.031683768146930726,0.01605556083182475,0.0005422680395241284
4,30,56900,0.030270217332090236,0.004871293423252371,0.7088076054218977,0.36612575321355667,0.008655910919174097
4,30,59176,0.0215276854205141,0.002927343679700041,2.3685161814746905,1.1952464047720726,0.024696581675592005
4,30,61452,0.08809088115070692,0.047719870612517284,29.223626514097784,11.511276180333928,0.06799904220717676
4,30,63728,0.02444383320021303,0.004152876860382778,1.6441014229937494,0.8391906944019492,0.017627715936949905
4,30,66004,0.1408113544964181,0.014954476900639136,9.781357839991095,4.525922050786078,0.09668374534808127
4,40,0,0.00413692337474771,0.0005491005275746894,0.018583607458879464,0.009380800524083572,0.00041119859961871415
4,40,2276,0.007726070341791197,0.0009928129454884601,0.08615737454178193,0.03884904126593647,0.0005259486060432037
4,40,4552,0.07803320419258161,0.012618564714194957,17.314922864485975,7.009240220864098,0.05669682026690883
4,40,6828,0.0004577021507909821,7.505774857182388e-05,0.04983417517994124,0.024402138237069194,5.17361210591261e-05
4,40,9104,0.004371369339362424,0.0009441402460825969,0.020887764917087034,0.010712804104111908,0.0002814925088361854
4,40,11380,0.004620210300795617,0.0007201075905230078,0.6387563364078791,0.31627755410036046,0.001872849389982228
4,40,13656,0.05449892802883997,0.006972739000619238,3.043742162306959,1.4804344180754025,0.04427962567024295
4,40,15932,0.12049309903432538,0.01557160752575929,2.8969925065077833,1.3678678595311002,0.049701509912809395
4,40,18208,0.006104388331259484,0.0009922607820642853,0.1261698909492143,0.06239954056976309,0.0012842680271898169
4,40,20484,0.00015063295974213095,2.7771563374286677e-05,0.001754128381953439,0.0008814631285297241,6.314862175076783e-06
4,40,22760,0.003763854192817344,0.0005704538030944748,0.26712873385081437,0.12852737116515756,0.0007729173815238211
4,40,25036,0.009967148857419676,0.0018498791494839784,1.6416539255063554,0.7828885468699592,0.00401486001891097
4,40,27312,0.05056299165028879,0.058657762935369825,10.5386722227743,4.546034127461004,0.022857313563497763
4,40,29588,0.007282601512141385,0.0010344604420655379,0.1971188204443359,0.09668278992603485,0.022231147089385537
4,40,31864,0.027445799366109712,0.0036574892545455373,2.6441628131561274,1.2205741816346778,0.012410923145871885
4,40,34140,0.006419992485522914,0.0009846614241599562,0.20785425878278857,0.10454036691417638,0.002208169173379778
4,40,36416,0.013368038207237441,0.002009022874547256,0.24735751947663528,0.12400690672056613,0.003719918848311691
4,40,38692,0.029778919388180208,0.004737340023573053,0.26884554119262255,0.12508998209383212,0.003875935839032123
4,40,40968,0.012364816903901694,0.0021296618849296753,0.5637990874400302,0.27718740086634697,0.003844652413166243
4,40,43244,0.005345676776717571,0.0015075230616800822,0.7154612894077198,0.348510487337896,0.0019376361631228082
4,40,45520,0.0787703832629047,0.014126682794638573,18.773566740439893,7.5057381888187935,0.04940978052948149
4,40,47796,0.02381886799694499,0.00442894533226943,0.23665754163799624,0.11618178484243966,0.0032589274437690515
4,40,50072,0.02511349694377154,0.004652370682432668,0.3308161190176108,0.172709065252602,0.003343368777894194
4,40,52348,0.033166849144405,0.004312984284057867,1.1205225064809012,0.5737151536818705,0.015521656183630593
4,40,54624,0.008108184698944802,0.0013636368481239156,0.12365419955246805,0.061327907096678964,0.0017881588499687024
4,40,56900,0.0013478909480494226,0.0002169119646040268,0.026079834233521476,0.01305994273504775,0.00021556523375490126
4,40,59176,0.0029519284482847877,0.00040140446672352296,0.04700354270252984,0.023386328719961,0.011934488505825513
4,40,61452,0.0017733002708214245,0.0009606176981697857,0.04170064028347623,0.020701196044094268,0.0002625488029768033
4,40,63728,0.000373680875056505,6.348638719954213e-05,0.00905821006936841,0.004536802357764664,0.00867358562241661
4,40,66004,0.01665268121922125,0.001768551531353149,0.1998507434832304,0.09664164211355272,0.017536144919440205
4,50,0,0.003115435030821103,0.0004135167282746354,0.03786492057680829,0.019063313145724205,0.0005311480743982693
4,50,2276,0.0017342679812691786,0.00022285633272541488,0.04109824849191912,0.02057817059270593,0.00036334844224318727
4,50,4552,0.001630285928339796,0.00026362967793334345,0.09443656514079403,0.04875245918915608,0.00019422438277627146
4,50,6828,0.00038677613948356947,6.342672015145449e-05,0.04903636437948329,0.02400413621058735,4.1476274165235e-05
4,50,9104,8.739790534401495e-17,1.8876437439312082e-17,3.5162825663780437e-15,1.7581412831890219e-15,2.856043852891165e-17
4,50,11380,0.007400363778553578,0.001153423282193513,0.12323568237056103,0.06366413623466063,0.000988884419788771
4,50,13656,1.888743535393968e-16,2.4165091292143907e-17,4.604465783501326e-15,2.3022328917506624e-15,0.021672844155562452
4,50,15932,0.030703358134834654,0.003967867425023863,0.41109427122995656,0.1973256099619316,0.017543098692245247
4,50,18208,0.1032246746577593,0.01677904334488935,2.3011269907609675,1.2297104801510832,0.028900979274698268
4,50,20484,0.0008099359328394704,0.00014932447139370765,0.002165451570483313,0.0010760962685027963,3.395428062517558e-05
4,50,22760,0.012447595116743822,0.0018865709482788454,0.032339282433169705,0.015154306038934836,0.0005603175741882336
4,50,25036,0.008096762418239228,0.0015027398697548679,0.1872535620832232,0.09065528265357546,0.000637792332308994
4,50,27312,0.03598026524096008,0.04174044691526692,0.4269707477601976,0.14454829588417434,0.0021766029965049165
4,50,29588,0.0033468698914058286,0.0004754076550292371,0.05064403888738185,0.025347497835298077,0.02101747507834735
4,50,31864,1.760807366472976e-16,2.346491693061002e-17,4.9864494305893774e-15,2.4932247152946887e-15,7.092549550988478e-17
4,50,34140,0.0019356144784611758,0.0002968733862670515,0.014640839065895646,0.007352776668560286,0.00020424606201242484
4,50,36416,0.0052176872120851,0.0007841429534242711,0.08121889065927163,0.04089375851624914,0.0011194093914320014
4,50,38692,0.01013776296465561,0.0016127526192579718,0.16591919863005114,0.08027878374741308,0.0015961474963217138
4,50,40968,0.02991051129593754,0.005151655407498715,0.7191578578828232,0.3353128981701433,0.003782128833866875
4,50,43244,0.02291113205658267,0.006461120151320551,2.8623148998353214,1.1913772321647145,0.006454981577114177
4,50,45520,0.06371109841634465,0.011425950218139283,7.382887529307785,3.1007028370094734,0.025142921611041286
4,50,47796,0.03602274840860145,0.006698168168204064,0.28994915287928025,0.1329562903001165,0.003515486584616513
4,50,50072,1.5659479047091673e-16,2.9009779635219844e-17,6.256820446345651e-15,3.1284102231728256e-15,6.341344165257924e-17
4,50,52348,0.11495991706648918,0.014949274000843848,2.5470536896291636,1.5073939638868317,0.03682244139856276
4,50,54624,0.030946757631908683,0.005204634650506001,0.5503058762050695,0.26411611274733077,0.00779506808368189
4,50,56900,0.0009798584637911647,0.0001576856233973551,0.0017494805661132228,0.0008791158821064792,4.107780369226938e-05
4,50,59176,0.0015670427653060354,0.0002130871315346798,0.0914660830278324,0.046085691145617,0.011952956090267858
4,50,61452,0.026489000625056592,0.014349404455610287,2.4185053342040934,1.0358656568553728,0.007017835377392166
4,50,63728,0.0007580330448856687,0.00012878577045288288,0.009694398603524789,0.0048540267385256625,0.008700193131838067
4,50,66004,0.0035404371338553205,0.00037600224446211983,0.011397634213380338,0.005528076457430936,0.015056514521322102
5,10,0,0.23188663798949977,0.030778688344770343,31.11598246444938,11.328186981060515,0.17559790890345053
5,10,2276,0.1927923095854461,0.024774133845469816,26.453097956753545,10.199668879314723,0.135029589315831
5,10,4552,0.3141697253721429,0.05080364252460266,92.14012516993762,24.211860641981588,0.2546725833867866
5,10,6828,0.12551096924565888,0.020582317029461932,33.40280260493644,12.143290190690003,0.08501662688061667
5,10,9104,0.10096839513123475,0.021807428754046378,29.914041704076467,12.07391270876404,0.08567944981337496
5,10,11380,0.2434324742080007,0.03794147041895273,64.37761285016967,19.988286493875826,0.2029277089089002
5,10,13656,0.03500276291304713,0.004478347353255773,2.0412657151329663,1.0278055236632178,0.04378995802321686
5,10,15932,0.31660333831550935,0.04091539652565383,11.882367921636757,4.490743597410593,0.16924052532243658
5,10,18208,0.21162958911366211,0.03440012826945093,10.07804427471284,3.8551103436183545,0.10711735543921569
5,10,20484,0.19296158370327698,0.03557551321963071,40.44592783104063,13.661975501265891,0.135593858186712
5,10,22760,0.12608362840448528,0.01910937077970374,24.897601058550496,9.837738005922933,0.09282554681204569
5,10,25036,0.32152722795540484,0.05967468967249533,65.41975846217503,21.6847145220164,0.24011695708759642
5,10,27312,0.24953907501996175,0.2894884861020438,192.76205192334598,43.627234871447165,0.23477600829420234
5,10,29588,0.47700830984054277,0.06775686219325892,43.37406973346671,18.51183122029863,0.38369051658030356
5,10,31864,0.26147466119783086,0.034844704317408166,47.03377444664847,14.676310222194951,0.20228199208225878
5,10,34140,0.46152375171683707,0.07078585149031244,81.66422952183916,23.6502900304572,0.3984423156346283
5,10,36416,0.16677895669283588,0.025064465989305063,7.998435645542937,3.171266536587194,0.07413474971199109
5,10,38692,0.096991069025059,0.015429695995077793,7.961155538832465,3.5162659400697094,0.05915786264888025
5,10,40968,0.26936668278953735,0.04639453716664439,67.41309833167844,20.286882522401097,0.22070135476365874
5,10,43244,0.33666283626292404,0.09494157819033391,116.59142749389564,31.3370342364866,0.3015406635651182
5,10,45520,0.28781559185415234,0.05161685650182072,67.266836265442,21.133835788057237,0.22826484568583297
5,10,47796,0.34318141613286185,0.06381208927721493,54.0549111601871,18.172175972863023,0.2741280083752855
5,10,50072,0.13962811049547846,0.02586663773536096,23.88205301533569,9.328579701396809,0.1134075554374693
5,10,52348,0.21660037442735278,0.028166498625143407,19.238245279173867,8.046467959797353,0.16268496716790035
5,10,54624,0.3505957143192777,0.05896328865107261,58.059026212444266,17.88228875050255,0.28718957027909153
5,10,56900,0.4151720668646087,0.06681236994924504,69.06577211662733,22.42600720011013,0.3561882139844434
5,10,59176,0.29459985492699164,0.040059811657192225,73.72733214605769,21.588079860044353,0.2552409473006171
5,10,61452,0.285905194332261,0.1548782201149843,117.21793792242985,32.42295729430605,0.25633420922193917
5,10,63728,0.3260556163144998,0.055395109805385624,44.967393377113325,16.541307571844218,0.2840880471928925
5,10,66004,0.20734193465978226,0.02202017148043567,24.606516264621682,9.551779776991085,0.14677227270934667
5,20,0,0.008136376418304942,0.0010799543958461564,0.12722792008978664,0.06364103149093625,0.0020115821838147313
5,20,2276,0.019752267131046525,0.0025381993229306767,0.2558636124665015,0.12770238386940758,0.005043463668820727
5,20,4552,0.014047726558313994,0.0022716246051607365,2.2735587797455072,1.1042353550298434,0.0068615818450590655
5,20,6828,0.002212990326946375,0.0003629042845107207,0.07322929977030201,0.03615902005979893,0.00035645362397575747
5,20,9104,0.000350166648319355,7.562994564132937e-05,0.0017171270517352146,0.0008550728470459164,1.6625804789049815e-05
5,20,11380,0.03635287870624827,0.005665972366933958,4.124258518407508,2.14500372846614,0.02036100879576795
5,20,13656,0.0007406944076191293,9.476642881513936e-05,0.012614377298218645,0.006328568254647172,0.02177074624396196
5,20,15932,0.027628870774578065,0.0035705441683352374,0.6881544587402486,0.3372962114735901,0.022631570712236603
5,20,18208,0.11325264192573821,0.018409077036043272,4.204531923646987,2.0407172230868524,0.05154408667985831
5,20,20484,0.0017032907497159144,0.0003140285305523441,0.008003472892219844,0.003971139502863066,0.0001288945842261961
5,20,22760,0.1595997440178801,0.02418910942980905,40.1815453370209,13.353088733646,0.11046641698523255
5,20,25036,0.10485821605066224,0.019461435792624767,28.824558215751832,10.865982625689014,0.07692570924941644
5,20,27312,0.23239777799311495,0.26960299071127025,163.05153802842514,38.50254689406976,0.20798871625128906
5,20,29588,0.016987738955462402,0.0024130311016281824,1.1042794574040031,0.5656441345208145,0.026327585423585674
5,20,31864,0.025918336554224652,0.003453936107972369,1.7616382852425505,0.7489543955099222,0.007376146646230808
5,20,34140,0.014270929959781062,0.0021887929386167275,0.22893156897798636,0.11400394025491438,0.003404901953605464
5,20,36416,0.020649521899651795,0.003103324601690982,0.48978997909866995,0.23984047552929993,0.005478700591768589
5,20,38692,0.005834164801353371,0.0009281203947428207,0.0265215434075113,0.013322157072417502,0.0005310828110787866
5,20,40968,0.03259095316161261,0.005613322969619809,3.6327851725500633,1.7579683653025782,0.01716004569997481
5,20,43244,0.06739296395946867,0.019005347986313783,15.712469310891167,6.305993976011775,0.038261500097981925
5,20,45520,0.25100961427846114,0.04501607142727065,74.10550106309644,21.1446349588001,0.19878627399615453
5,20,47796,0.07823453501518603,0.014547142992782825,4.579457463186826,2.161243951720535,0.03990884508553983
5,20,50072,0.08046013612944228,0.014905545781667707,8.181065776337833,3.8131864456960125,0.05436722623560536
5,20,52348,0.049744162832201864,0.006468681772718058,2.3910699135287516,1.2146651271575155,0.03186531817310751
5,20,54624,0.021869109800317796,0.0036779532122969724,1.609856848766912,0.7791500785134494,0.010813491365753835
5,20,56900,0.07574940448295381,0.01219011980736302,9.675128847402052,4.221170866690815,0.05062144724501895
5,20,59176,0.04882164763681717,0.006638788093121725,7.593725434428064,3.5128237186528,0.045643044741249104
5,20,61452,0.040550557859977764,0.02196671606716022,11.460729373827153,5.1054960750424305,0.02851334416986129
5,20,63728,0.023393447896612456,0.003974422000783632,1.7708965062552398,0.7788719904324153,0.017326771828248037
5,20,66004,0.020155060850862196,0.002140511985010853,2.3753348701457115,1.1266612787926888,0.025961462698698586
5,30,0,0.002591584724307011,0.0003439852301973734,0.04769394373738848,0.023832750026770377,0.0006387172386122452
5,30,2276,0.00011824910994598798,1.519520816576561e-05,0.0006466052592255827,0.0003232229226589566,9.763056857163401e-06
5,30,4552,0.0012193591560765657,0.0001971796824185908,0.17036107748727083,0.08460583842972988,0.0003755785402718318
5,30,6828,0.00038677613948356947,6.342672015145449e-05,0.049036364379493234,0.024004136210592317,4.14762741653032e-05
5,30,9104,1.7938677601267608e-16,3.874444406321297e-17,1.2805557242939205e-14,6.402778621469604e-15,9.185193125523593e-17
5,30,11380,2.5645926341523535e-16,3.9971830332798534e-17,1.0737843129901787e-14,5.3689215649508936e-15,1.157051412307061e-16
5,30,13656,0.012570266136952278,0.0016082735589754704,0.8332075291411722,0.3944541203883636,0.024733075328864523
5,30,15932,0.007323789389179051,0.0009464705853164967,0.06263563674525248,0.031569037435269724,0.012049320100208405
5,30,18208,0.027049404433471504,0.004396847274621506,0.422593752301536,0.20307118183051395,0.006205620658789756
5,30,20484,0.01187831554450116,0.0021899549307708628,1.0738967220882494,0.5174744449298319,0.004320353487055721
5,30,22760,0.01279952659576876,0.001939910063014362,0.905905456349156,0.44234522589067143,0.00490651929019164
5,30,25036,0.0007585682024906856,0.00014078845629003075,0.0028065654646510967,0.0014099678056614575,3.547711393777225e-05
5,30,27312,0.0031832972048288426,0.003692920191216755,0.7041914432352705,0.344543194627303,0.0011767838895235774
5,30,29588,0.025540666360932596,0.0036279355626324715,2.031425044035255,0.9857644789074499,0.033427162188232246
5,30,31864,4.517390016723322e-05,6.019976035079055e-06,0.0014909991009079003,0.00074487290058491,4.346235822087717e-06
5,30,34140,0.0014319141653016025,0.00021961873700944825,0.0065719960519024625,0.0032787394916356126,0.0001216361592678357
5,30,36416,0.0013066069534321345,0.00019636413487107522,0.00850325340710323,0.004270713087995211,0.00012853536048838756
5,30,38692,0.0013366887193450255,0.0002126453578340798,0.03996372213099413,0.019616797537091907,0.00014589573309114386
5,30,40968,0.015318428761879922,0.0026383790495831763,0.9574935419242923,0.4725254166931798,0.005304181304554511
5,30,43244,0.0006599137721541787,0.00018610089457252646,0.03526037222020675,0.017732795293310927,9.327530589871245e-05
5,30,45520,0.12758544388733578,0.022881177167743145,26.33143186411405,10.162608806117907,0.07869851191148926
5,30,47796,0.018478867374089387,0.003436011040180251,0.7097356857976223,0.344163216207334,0.004422624014939464
5,30,50072,0.007522552342098734,0.0013935813897922812,0.43912903723562735,0.21784914577859185,0.002582033103957517
5,30,52348,0.004154474024306108,0.0005402436962686747,0.020966664398235937,0.01069662300296124,0.00031325188328253794
5,30,54624,0.007221563991694844,0.0012145247211057591,0.04389417356978385,0.02217940566471635,0.0006722332897582927
5,30,56900,0.0032421140242531264,0.0005217434863619449,0.03169262232077021,0.015865780957304874,0.00022867486807387233
5,30,59176,0.021016705764966413,0.002857860452130325,1.118101402233433,0.5463661967568925,0.01712383865930196
5,30,61452,0.06425114484193147,0.034805603923039795,17.177976349807192,7.1753002611619845,0.04356676173095654
5,30,63728,0.013828115500067966,0.0023493230547176292,0.8536273253736888,0.41536334161598515,0.01339789817040676
5,30,66004,0.0033469960045375826,0.00035545836921597096,0.02132224814770793,0.010688954026705996,0.015315880491608286
5,40,0,3.0449873572360386e-16,4.041660946689725e-17,1.1004331201237819e-14,5.5021656006189095e-15,1.7146019031447387e-16
5,40,2276,0.003431024730441549,0.00044089240946306206,0.047573139838580095,0.023632297035252842,0.0006650894620219168
5,40,4552,0.03589076247659072,0.005803810232307684,1.443520459141839,0.7314970983278568,0.01326396734865574
5,40,6828,0.00038677613948356947,6.342672015145449e-05,0.049036364379489855,0.024004136210590624,4.147627416528081e-05
5,40,9104,1.7991055614172186e-16,3.885757152089024e-17,1.1297973778519572e-14,5.648986889259786e-15,8.931539358913277e-17
5,40,11380,0.00857267233828401,0.001336139703597882,0.9787112584337068,0.48331765339632665,0.0025518605350708847
5,40,13656,0.003321525138532509,0.00042496483348675905,0.009832318286088378,0.0050498312664375815,0.021813473192217925
5,40,15932,0.0005783384161017932,7.474003826593348e-05,0.004633278451654558,0.002319986292111525,0.010935825655466011
5,40,18208,2.5491572557008773e-16,4.1436236276022063e-17,1.1097844817847373e-14,5.548922408923687e-15,1.3970468991768227e-16
5,40,20484,2.947106434248659e-16,5.433455815355197e-17,1.0837867685128755e-14,5.4189338425643785e-15,1.5097277070364057e-16
5,40,22760,0.0010264489447791608,0.0001555697097270629,0.006788542800606179,0.003381023343227407,9.43454209725317e-05
5,40,25036,0.002836032624766909,0.0005263609177369912,0.18613731069634384,0.09233570770438006,0.0007002530015219646
5,40,27312,0.012118402045753169,0.014058471050757736,0.43458000486890486,0.21514823215888776,0.0015396687606998914
5,40,29588,0.002596903977656873,0.00036887840591716945,0.046311480426904916,0.023326320793136967,0.02097596656596258
5,40,31864,0.0003161550058774354,4.2131530633986594e-05,0.007704569858667599,0.0038560822293772818,3.2910531220462646e-05
5,40,34140,0.0002423443054550644,3.716937200231049e-05,0.001027522850725971,0.0005139669923476161,1.962231346876524e-05
5,40,36416,0.013065507939582012,0.0019635569491406693,0.09789693320501829,0.047988759691544626,0.0013974822330383274
5,40,38692,0.0027675303158757798,0.00044026890166652563,0.019133623535239952,0.009502920668277756,0.00028127697381189864
5,40,40968,0.009629872596272937,0.0016586070610184183,0.13471988196991422,0.06844097115154418,0.0013501472204041013
5,40,43244,0.00032597158282080777,9.192656029915617e-05,0.0027545372424056525,0.001374869431851443,2.681626638352703e-05
5,40,45520,0.023466587102248082,0.0042084984042769155,4.383842729550341,2.0519490208693076,0.01289887743315126
5,40,47796,0.00046873737044590414,8.715830614464563e-05,0.0018237442027593891,0.0009098306127556666,2.170912354149509e-05
5,40,50072,2.972197792813393e-16,5.506109286427183e-17,1.0768784311983186e-14,5.384392155991593e-15,1.5687509873438064e-16
5,40,52348,0.008984237600297509,0.001168301378452212,0.19540726176170173,0.09865508135684507,0.0028775959098033717
5,40,54624,0.004836685942757959,0.000813435240961648,0.07319184188248463,0.03638211731422932,0.0006181950287227494
5,40,56900,2.2050883482848312e-16,3.548581184880642e-17,1.1467449429794045e-14,5.7337247148970224e-15,1.1677829178174977e-16
5,40,59176,0.000630253443780242,8.570212724778924e-05,0.017673165999298645,0.00891068726608263,0.011664092127039387
5,40,61452,0.0038172785532588145,0.002067864871754504,0.5347761365230527,0.2640906075603333,0.0014277355736768346
5,40,63728,0.004178241481168142,0.0007098609380170135,0.06159277234420524,0.030997598276874136,0.00920870728059596
5,40,66004,2.5376749879225054e-16,2.6950668945651074e-17,1.1558029436794904e-14,5.779014718397452e-15,0.01490604346642257
5,50,0,3.176983917750715e-16,4.21686211541109e-17,1.0193451664254984e-14,5.096725832127492e-15,1.570214374458866e-16
5,50,2276,0.00023489928473201368,3.018495049242016e-05,0.0007198457812878317,0.00035918728899538797,9.847490288027175e-06
5,50,4552,1.9362501510080754e-16,3.131064280414093e-17,1.0924399688660998e-14,5.462199844330499e-15,9.812010606474088e-17
5,50,6828,0.00038677613948356947,6.342672015145449e-05,0.04903636437949159,0.024004136210591488,4.147627416529105e-05
5,50,9104,0.00046053336417035956,9.946724928085518e-05,0.03212598411163414,0.016037155558822014,9.454982661809402e-05
5,50,11380,0.003498751479658698,0.0005453166271288495,0.15746784337884204,0.07850194551580597,0.0007901790709651149
5,50,13656,3.2675557889418e-16,4.180598501716734e-17,1.1815757651790473e-14,5.907878825895237e-15,0.021672844155562553
5,50,15932,3.375812014508572e-05,4.362641528183732e-06,8.658063912190505e-05,4.327967756366513e-05,0.010870832753292677
5,50,18208,2.7246526772497725e-16,4.4288892673110734e-17,1.1006083021008567e-14,5.503041510504283e-15,1.4575335665992828e-16
5,50,20484,3.0909929165609175e-16,5.698733253246529e-17,1.1684832574790157e-14,5.8424162873950786e-15,1.6116770093855523e-16
5,50,22760,0.0021036415797173816,0.0003188301878929042,0.24819334555516037,0.12234197730707697,0.0006290851138558995
5,50,25036,0.002156381978874109,0.000400219372471067,0.0264061783651193,0.012454313315091262,9.659025040534515e-05
5,50,27312,0.0012541546107688922,0.0014549357433513831,0.01443762810783408,0.007189904561848912,7.170628664462905e-05
5,50,29588,0.0004925783052615247,6.996850927010295e-05,0.001395839702845543,0.0007006926362169082,0.020707518963273264
5,50,31864,3.4330962260948726e-16,4.575021623260758e-17,1.1502134763309763e-14,5.751067381654882e-15,1.854111474780413e-16
5,50,34140,0.00016040084599239088,2.4601356747299216e-05,0.00031073721205248457,0.0001555060807676882,6.72435326872172e-06
5,50,36416,2.5949532162081194e-16,3.8998395193990373e-17,1.0650202534888764e-14,5.325101267444382e-15,1.3297310918840846e-16
5,50,38692,2.6114920172135396e-16,4.154457552041902e-17,1.1706144589810501e-14,5.8530722949052506e-15,1.4760698033900368e-16
5,50,40968,8.551521920882821e-05,1.4728766656704824e-05,0.002470534439981692,0.0012386860525696573,5.762160356790683e-06
5,50,43244,1.2126319651988925e-16,3.419717893961908e-17,1.568797731218524e-14,7.84398865609262e-15,7.380349016950184e-17
5,50,45520,0.027767050296950882,0.0049797435970141465,3.1213329083950665,1.4196439321228729,0.010633107557783775
5,50,47796,0.0050862975642546,0.0009457600528550764,0.04857548588671409,0.0244254615403836,0.0007433948155369012
5,50,50072,2.728873136960194e-16,5.055341120711734e-17,1.1968076173083516e-14,5.984038086541757e-15,1.5160690512016637e-16
5,50,52348,2.9263603468487835e-16,3.805410073925597e-17,1.0885752622323984e-14,5.442876311161992e-15,1.6385057731616436e-16
5,50,54624,2.515447333285551e-16,4.2304866015565944e-17,1.1265698840547645e-14,5.6328494202738224e-15,1.4346071684633503e-16
5,50,56900,2.553217080796927e-16,4.1088140984823416e-17,1.2367232323571658e-14,6.183616161785829e-15,1.3877787807814457e-16
5,50,59176,0.0005603849260846701,7.620137694923445e-05,0.015152344535406136,0.007606429636851469,0.011664187649430694
5,50,61452,2.4155972207147187e-05,1.3085575410155571e-05,0.00041502911256224606,0.000207269820818266,1.0126710346667615e-06
5,50,63728,2.075698025191806e-16,3.5265002126942e-17,1.0726566155157912e-14,5.363283077578957e-15,0.008637590039357528
5,50,66004,2.1783899742412264e-16,2.3134982734082692e-17,1.1050664394150031e-14,5.5253321970750156e-15,0.014906043466422558
