,dim,fs,window,rmse,nrmse,mape,smape,mae
0,2,10,0,24.24736881996365,0.050515351708257605,3.526051403894121,1.9175014891405895,7.050870635732064
1,2,10,657,42.48359961685326,0.05244888841586822,52.0956682746781,17.888396917233354,32.199211469386796
2,2,10,1314,19.053267603235962,0.02295574410028429,31.460913517201554,11.647990190307409,14.398711360115053
3,2,10,1971,21.16332557694891,0.2116332557694891,47.136133137150516,18.13993736170389,16.557264754934536
4,2,10,2628,35.61429006899906,0.062481210647366774,19.39184831517698,9.086240339176037,17.609106176942188
5,2,10,3285,14.572476227955077,0.03554262494623189,27.570427632451473,10.857925982500703,11.848192331372404
6,2,10,3942,20.695446077805745,0.028349926133980474,24.587766193091657,10.782576582848593,17.642374955927774
7,2,10,4599,32.34323720982443,0.048273488372872285,49.7219342504928,17.887865998401505,26.62206497953281
8,2,10,5256,29.913699313570053,0.061048365946061334,32.09054379798037,13.088172800795169,21.659629291472324
9,2,10,5913,11.695183537376131,0.015388399391284384,13.710378775457437,5.83762877435658,24.286193081689913
10,2,10,6570,60.27316518420492,0.10958757306219076,60.977330481527126,16.523747163354567,35.036918213206164
11,2,10,7227,27.6568207323803,0.04687596734301746,49.47767385323488,17.15746006242486,22.594766248019745
12,2,10,7884,27.056009199382768,0.03978824882262172,37.76934400757101,14.345805284789323,21.824004813756936
13,2,10,8541,24.837187900601155,0.03599592449362486,33.09361959339704,13.671593914393283,19.958616926185275
14,2,10,9198,21.386246698836427,0.031919771192293174,25.347749568684986,10.818664100110965,16.84201494646652
15,2,10,9855,12.935722889306277,0.0680827520489804,13.724501195547658,6.346725185968277,9.075954981396652
16,2,10,10512,36.88929617037611,0.05855443836567637,41.22227198994655,16.6679879317184,30.273790101276834
17,2,10,11169,12.317343217292986,0.20528905362154978,25.526134532723727,10.140758010539988,9.765570079092429
18,2,10,11826,66.32459298057843,0.15073771131949643,70.68523460418581,24.384248587615353,54.26441130556746
19,2,10,12483,38.025607346082175,0.10864459241737764,57.79840699260272,20.15992605458708,33.46167542508605
20,2,10,13140,20.729246461176764,0.027275324291022057,23.260750682891562,10.395966601553617,16.98384981249586
21,2,10,13797,12.524749287643818,0.02408605632239196,12.45712367098538,5.895147574977327,7.962840699841561
22,2,10,14454,24.4526797365721,0.2716964415174678,33.20374955700482,13.550968831854405,20.878197166892267
23,2,10,15111,28.513390293733792,0.037517618807544464,13.39799944503746,5.988421602410929,16.78635795331759
24,2,10,15768,6.634704325957227,0.015078873468084605,4.392959934954848,2.143791745130348,3.4647853546590484
25,2,10,16425,22.966326503374624,0.062071152711823306,33.022340415465116,13.365674751063775,18.609818856155464
26,2,10,17082,39.15643355775595,0.06315553799638057,15.90338295203171,7.872496155670686,31.729423027536193
27,2,10,17739,11.093287774327383,0.03081468826202051,11.653690268553772,5.94585236833365,7.924434033912867
28,2,10,18396,31.323954011248937,0.0696087866916643,13.848740118128289,6.497589290020192,17.178740302803227
29,2,10,19053,19.535187407984278,0.024117515318499108,13.338163056914528,6.217308743828869,12.936222495675837
30,2,20,0,43.47374555509941,0.09057030323979044,3.7289409275739045,2.3488124047532724,8.662707696049836
31,2,20,657,12.732323373914197,0.01571891774557308,12.388916987963416,5.228608017710231,7.184487225844931
32,2,20,1314,3.7253609362964912,0.004488386670236736,2.7654274759482034,1.3702807961133794,1.1655760521204985
33,2,20,1971,12.11046222467437,0.1211046222467437,25.74545385210093,10.531494079406304,8.790964047071729
34,2,20,2628,36.35155478010447,0.06377465750895521,22.265053303701396,9.092211550130703,17.35299818887192
35,2,20,3285,12.28106120598017,0.029953807819463826,14.691403780257565,7.09574063077955,8.400908037701564
36,2,20,3942,9.315558984707874,0.01276103970507928,9.010776263134106,4.087168660556677,6.23132116689738
37,2,20,4599,24.952215565314074,0.03724211278405085,33.06121209235223,12.261623414757505,17.815220155104075
38,2,20,5256,1.2646359481962708,0.002580889690196471,0.28938842342845,0.1522276072882064,0.20681873141700213
39,2,20,5913,4.96868267998563,0.006537740368402145,3.055163115936615,1.4520282998077596,19.154595755922813
40,2,20,6570,12.961457526901997,0.023566286412549084,4.449197956634475,2.1110490800458868,4.2351244484777615
41,2,20,7227,20.9260743660581,0.03546792265433576,26.876219676302455,11.030825816358094,15.27514931978333
42,2,20,7884,14.857744569986357,0.021849624367626996,8.996526383375969,4.423770129754452,7.697517353263501
43,2,20,8541,14.493129305541244,0.021004535225422092,14.343278176194218,7.212459624613689,9.21178010340107
44,2,20,9198,9.143953530583557,0.013647691836691877,5.716833777193913,2.720340290082599,4.299186511779216
45,2,20,9855,4.4750995131907425,0.023553155332582856,4.100022364368428,1.6933846042021385,1.4835517700674687
46,2,20,10512,45.36573588114588,0.07200910457324743,36.35661411147043,11.047736794172199,22.66158344690343
47,2,20,11169,4.928597099606214,0.0821432849934369,6.715791682243536,3.09284646146445,3.1398132661108726
48,2,20,11826,12.394222608249285,0.0281686877460211,8.09520686118603,3.8858451538119487,6.946826745201714
49,2,20,12483,77.0224754940359,0.22006421569724544,29.69343102774975,9.097748144767483,26.61377273468512
50,2,20,13140,12.967281391089944,0.017062212356697293,8.093346962696835,4.386857044310599,6.591333661526755
51,2,20,13797,5.865059074542938,0.011278959758736419,3.4999327214281797,1.7667333269712513,2.720861963851666
52,2,20,14454,8.512971412812432,0.09458857125347146,8.275132087797546,4.29091840966088,5.554961066826205
53,2,20,15111,1.1497486539604833,0.001512827176263794,0.5683507750100353,0.2775825093208143,4.519988229282614
54,2,20,15768,6.87451371946779,0.01562389481697225,7.445210810970543,4.047105177621187,4.301738360415164
55,2,20,16425,12.142773983746336,0.032818308064179284,14.497876026879172,6.861676290166153,8.42782588871756
56,2,20,17082,6.565457402254435,0.010589447422991024,4.288107761903576,2.144010382091277,15.338489692220204
57,2,20,17739,0.791015869716465,0.002197266304767958,0.45963753496281146,0.21307902854075436,0.1762979384866456
58,2,20,18396,102.53361569301804,0.22785247931781785,45.06930295837727,11.343455647778798,46.87858013596173
59,2,20,19053,15.562279644159249,0.019212690918715122,3.0954905291932606,1.6231282732311205,3.2731028057811327
60,2,30,0,10.817959420632226,0.022537415459650472,4.955755274930169,2.4226067419724795,4.173218046224456
61,2,30,657,8.364661743080843,0.010326742892692399,8.01887095981035,3.668169855858788,4.353755262109248
62,2,30,1314,1.688139968810149,0.0020339035768796978,1.1031240476251396,0.5684038370426933,0.4833404723393381
63,2,30,1971,14.113929743803999,0.14113929743804,12.05658559473101,5.047747799708246,4.834927800756522
64,2,30,2628,10.30370443626981,0.018076674449596156,7.954630795578882,4.262296364842851,5.7688405422781805
65,2,30,3285,16.696237471875065,0.040722530419207474,9.558050843635945,4.419610301890634,6.100756091987336
66,2,30,3942,3.249468522664187,0.004451326743375598,0.9395693223818999,0.46559719636070673,1.1293880605083872
67,2,30,4599,9.09033417213187,0.013567662943480403,8.02749716150047,3.8002269300911937,5.164804175253057
68,2,30,5256,6.195706527675747,0.012644299036072953,9.550788185013127,4.213649006241503,4.016141309756334
69,2,30,5913,0.6721784728560306,0.0008844453590210929,0.5070580013976259,0.18165729939886946,17.018377051695047
70,2,30,6570,0.855445889472836,0.0015553561626778835,0.22096333420837225,0.10901488951971189,0.19357252004192743
71,2,30,7227,28.11706136276469,0.04765603620807575,32.56169651700594,10.698788189961194,14.954929499883788
72,2,30,7884,5.482790170141329,0.008062926720796072,2.863731212624986,1.4419779693869617,2.06592389048346
73,2,30,8541,16.15771512209747,0.023416978437822422,13.654852749490324,6.180980209898083,8.27559173411127
74,2,30,9198,33.93828298302332,0.050654153706004956,4.789887006450522,1.8324235405733285,6.141340491607199
75,2,30,9855,1.8892628977943429,0.0099434889357597,1.472856488807066,0.7132602629717129,0.713205968658473
76,2,30,10512,8.236912833184311,0.013074464814578272,8.56129635431293,3.9703945838237207,4.993093221140425
77,2,30,11169,9.293288614371521,0.15488814357285868,12.712901227174036,5.324306616682033,5.436996445422163
78,2,30,11826,81.87920746069521,0.1860891078652164,21.640698154423074,5.921128937509185,26.491016451163986
79,2,30,12483,9.688583832028547,0.027681668091510132,4.256137369048299,1.8450221384269962,3.0072051006047724
80,2,30,13140,6.295750204054919,0.008283881847440682,5.423742247610739,2.5537500649326264,3.244269842554921
81,2,30,13797,14.880927661930247,0.02861716858063509,1.7200251232999535,0.8430029705245975,2.8393821567752036
82,2,30,14454,12.85919801463219,0.14287997794035767,10.38605867532065,5.035780882052821,7.31088074524219
83,2,30,15111,5.53423476343492,0.007281887846624895,5.845210386448182,2.6600858740773448,7.069953103882144
84,2,30,15768,2.2193626405255326e-15,5.044006001194392e-18,1.0194300369585368e-16,5.097150184792684e-17,1.7330310628295127e-16
85,2,30,16425,6.91146273548314,0.018679629014819298,7.475557664501172,3.847145088280652,4.196202527551
86,2,30,17082,2.959512872982508,0.004773407859649207,2.3729462024883277,1.163201801617431,13.254391746588798
87,2,30,17739,2.160634058427886,0.006001761273410794,1.1917877708112863,0.5497183070290909,0.555748818631611
88,2,30,18396,47.71074659352107,0.10602388131893571,13.722915706960547,4.40402632072701,15.895450685588433
89,2,30,19053,3.8494492044024544,0.004752406425188215,1.4067014965038327,0.6969751450678224,1.1947738486710966
90,2,40,0,2.1398899794609547,0.004458104123876989,0.7906513506314314,0.38915058497703486,0.5230475391037887
91,2,40,657,10.068151724429676,0.01242981694374034,9.06072890707003,4.060121102635724,5.70236982958728
92,2,40,1314,2.8776927309621294e-14,3.4670996758579874e-17,1.5435275471190959e-15,7.717637735595479e-16,5.0257900822055864e-15
93,2,40,1971,4.260929355121035,0.04260929355121035,5.1623240558858114,2.270889957676835,1.6372141783894532
94,2,40,2628,8.454628448258712,0.014832681488173178,3.6978568801352973,1.7603576134096095,2.648967702539782
95,2,40,3285,4.851984784349494,0.011834109230120717,4.66434571677793,2.2141615295050823,2.227908577712169
96,2,40,3942,10.33124773861907,0.014152394162491876,6.349434895209511,2.9630810119869513,5.198134081214586
97,2,40,4599,3.32943392241973,0.004969304361820492,1.2950424503416365,0.5932048358518927,0.8986192718266818
98,2,40,5256,4.735305008236125,0.009663887771910459,5.798613450894739,2.80643088542127,2.8441817956679887
99,2,40,5913,1.2694222527558425,0.0016702924378366349,0.9599199806038244,0.4126755927991106,17.350055578055063
100,2,40,6570,1.0091002356583256,0.0018347277011969557,0.14406037226037705,0.0751931825354101,0.1336663673897391
101,2,40,7227,3.357578771631409,0.005690811477341372,1.1292202592648752,0.53608545980978,0.8835956624261255
102,2,40,7884,6.2033110152892075,0.009122516198954716,2.320451174719068,1.0757032627966707,1.577057796367644
103,2,40,8541,6.06260003913571,0.008786376868312623,6.208618005055663,2.9961372201666774,3.0174951014441485
104,2,40,9198,2.5121827602170748,0.0037495265077866786,1.7621382226160103,0.8669912081656052,0.9856845250000834
105,2,40,9855,3.602959341990404,0.01896294390521265,3.7138088778301985,1.8957241172734913,1.9459819406601637
106,2,40,10512,11.086951791213574,0.01759833617652948,2.9248897588103264,1.3871480076499978,2.8831615578047765
107,2,40,11169,5.565642310809579,0.09276070518015965,3.1122334613732585,1.4162665404623214,1.9160617666536899
108,2,40,11826,3.7479414881596416,0.008518048836726458,2.102492128224248,1.0611334121725238,1.432658827990634
109,2,40,12483,1.609534529053661,0.00459867008301046,0.549961630709182,0.2647150922670002,0.4203630883153844
110,2,40,13140,10.45589073663844,0.013757750969261105,7.85837776881277,3.507986672256381,5.232239891626265
111,2,40,13797,2.4841531851718948,0.004777217663792105,1.4126568397726968,0.6896438906094919,0.9110396801176659
112,2,40,14454,5.978297264961375,0.0664255251662375,4.024391810537599,2.079444386537312,3.0376065261512832
113,2,40,15111,0.7494291024763476,0.0009860909243109837,0.3243455536866594,0.16528540700070443,4.343866437892813
114,2,40,15768,4.716145611116756e-15,1.0718512752538083e-17,3.57437656708587e-15,1.787188283542935e-15,2.361254823105211e-15
115,2,40,16425,1.7909704615172624,0.004840460706803411,1.0445514248768013,0.5340934378699078,0.6367783051341375
116,2,40,17082,2.2764233147366912,0.0036716505076398245,1.6309483483195337,0.8045720763335062,12.580412580246671
117,2,40,17739,1.9772801845895032,0.005492444957193064,0.44979184117587834,0.217087325886634,0.2990881209820148
118,2,40,18396,13.12077699239948,0.029157282205332175,4.629349163343556,1.9718874693773925,4.03656395914211
119,2,40,19053,4.126511075605341,0.005094458118031286,2.610464505545305,1.2785606774764786,1.6776578342207524
120,2,50,0,5.8745936771441105,0.012238736827383563,1.861604752743826,0.9469666131140222,1.605889528669069
121,2,50,657,0.6475205744926111,0.0007994081166575446,0.10025331162310273,0.048111565318453446,0.07339990029607563
122,2,50,1314,0.13884684348925147,0.00016728535360150778,0.04079382646510569,0.019885170555417154,0.012775119550543461
123,2,50,1971,2.7781637219737676,0.027781637219737677,2.56497632941686,1.1710142886600439,0.9743530835512545
124,2,50,2628,1.1328435911234325,0.0019874448967077763,0.6350755812334489,0.3174016083947838,0.3824833957227962
125,2,50,3285,3.166887612482639,0.007724116128006436,3.92330362527254,1.8765493565312277,1.7498998380081492
126,2,50,3942,5.914533052524451,0.008102100071951304,1.2675822515730841,0.5867176793388362,1.5888261738178053
127,2,50,4599,4.535034555103974,0.006768708291199961,3.9643376002564774,1.8013341953302415,2.036733516815114
128,2,50,5256,8.613443336467826e-15,1.757845578870985e-17,4.1929120837687034e-15,2.0964560418843517e-15,3.4227363490882874e-15
129,2,50,5913,0.7262858928278317,0.0009556393326681996,0.5356336316723052,0.19568354133168495,17.033620828289877
130,2,50,6570,0.08057735860735872,0.00014650428837701586,0.00925612130319791,0.004653297309952965,0.007564872962553779
131,2,50,7227,6.3989489108822095,0.010845676120139338,3.5344448995568376,1.490989756828412,1.862262351758695
132,2,50,7884,3.016936412757664,0.004436671195231859,0.8104914374135205,0.3727260224233278,0.6081730870678074
133,2,50,8541,5.287711116445477,0.00766334944412388,2.47821513805259,1.1786741144528956,1.518580243421369
134,2,50,9198,1.64397960628481,0.0024537009049027014,1.4064573837143728,0.7305319371758038,0.6359391919341177
135,2,50,9855,0.0,0.0,0.0,0.0,0.0
136,2,50,10512,14.819617786865692,0.02352320283629475,4.604639676307327,1.7308744012079962,3.079336928859144
137,2,50,11169,2.6706796744681887,0.04451132790780314,2.5845099537315224,1.3025054775372014,1.2676937457034856
138,2,50,11826,3.741144612721412,0.008502601392548664,0.7691668504585002,0.348882406371646,0.6796905229267626
139,2,50,12483,2.394845638114099,0.006842416108897425,0.8874481198574615,0.434771033945394,0.7629065112991191
140,2,50,13140,4.120487738839602,0.005421694393210002,3.8936395464981954,1.8565112632821896,2.1447772029133345
141,2,50,13797,1.4725382501386741,0.0028318043271897578,0.5680605339260337,0.2737167778354542,0.37287575004091306
142,2,50,14454,4.413628240859762,0.04904031378733068,2.716503744488539,1.32104267070848,1.863842815047043
143,2,50,15111,0.1085132709522739,0.0001427806196740446,0.01559717733637685,0.007818486604939046,4.162630391441232
144,2,50,15768,6.20330716367315e-16,1.4098425371984431e-18,3.9715295189843e-16,1.98576475949215e-16,1.0831444142684454e-16
145,2,50,16425,4.187318723048878,0.011317077629861833,2.3109394581076503,1.1031689638656295,1.5205550705720958
146,2,50,17082,0.41978029001102524,0.0006770649838887504,0.11500898570546755,0.05814801008760051,11.699204502961773
147,2,50,17739,0.5466081666101212,0.0015183560183614478,0.21341463414634643,0.09081473793461588,0.042682926829271065
148,2,50,18396,2.3913718394164767,0.005314159643147726,1.644757148893964,0.7961769809799325,0.9368908180652376
149,2,50,19053,3.495903704905195,0.004315930499882957,1.1891180066966733,0.6370793310323722,1.0287542801054816
150,3,10,0,5.617825046222725,0.011703802179630678,5.285736413848014,2.411872070244122,3.2457147450166204
151,3,10,657,16.218660682699436,0.020023037879875846,26.451330732884397,9.952451548013098,12.366998603207255
152,3,10,1314,11.14163066882369,0.013423651408221314,16.71993138693893,6.364181813712949,6.521905439804003
153,3,10,1971,19.2835644883086,0.192835644883086,42.69552710562374,14.300861169693743,13.989972072479011
154,3,10,2628,15.552733634524374,0.027285497604428728,13.714109734693489,6.788639969634604,10.250625568098675
155,3,10,3285,13.948649326382979,0.03402109591800727,22.424189913226577,9.06251337435839,10.168887353882095
156,3,10,3942,0.8048469978555608,0.0011025301340487133,0.11630340053347799,0.05751359174473245,0.17675732659967858
157,3,10,4599,12.63940057475462,0.0188647769772457,15.66459409492394,6.292775020388791,8.037609210227568
158,3,10,5256,7.109014741188857,0.014508193349365015,5.838298151961301,2.8857159449133816,3.7532169776780617
159,3,10,5913,20.198063330334513,0.026576399118861203,23.227795018300412,8.965073596090757,30.015497755999704
160,3,10,6570,9.8700649125548,0.017945572568281457,13.316176100036373,5.42600437396795,6.241009639987814
161,3,10,7227,10.330862177784045,0.017509935894549227,2.048270223823,0.9579206426605921,2.4657565455756045
162,3,10,7884,10.07678309017831,0.014818798662026926,9.48655034898086,4.129101602856873,5.767459946391725
163,3,10,8541,21.90501924663537,0.03174640470526865,22.372211883934295,9.763556586596774,15.648282614749826
164,3,10,9198,8.514040382959756,0.012707522959641426,8.043326459896386,3.50184909221161,4.462458169619904
165,3,10,9855,0.778806155631414,0.004098979766481126,0.6172546121783811,0.3013743547586375,0.2972469489721644
166,3,10,10512,14.166290196930984,0.022486174915763466,14.917104146895904,6.918496852397358,9.707339361171146
167,3,10,11169,12.319237443593387,0.2053206240598898,22.5795577824302,8.745200894395461,8.747459031405091
168,3,10,11826,14.695499899982991,0.03339886340905225,13.310807351147044,5.632731754301331,8.578491372775824
169,3,10,12483,2.880066868611166,0.008228762481746189,1.7568697699468696,0.8525492062896745,1.2010917449217169
170,3,10,13140,43.76074223554163,0.05757992399413372,24.455600872737108,9.350909680160497,20.358246109874326
171,3,10,13797,21.478448401371036,0.04130470846417507,4.281900255870091,2.2912967421059394,6.011185790668339
172,3,10,14454,17.52188296213681,0.1946875884681868,20.930892990822127,8.58022748714488,12.702290379121168
173,3,10,15111,7.319865804931365,0.00963140237490969,7.392819431066975,3.589660649335659,8.406675960624263
174,3,10,15768,3.5555910195428284,0.008080888680779155,1.383859073476132,0.6942590169868363,1.4307629852241244
175,3,10,16425,5.4662719746410495,0.014773708039570404,4.653420830000572,2.357885578671582,2.964453455382637
176,3,10,17082,10.249973561053524,0.016532215421054073,6.866817739416367,3.2190050422980643,17.584034931564645
177,3,10,17739,3.306167639825017,0.009183798999513935,1.6212998501089027,0.7031928580836346,0.8062939022385226
178,3,10,18396,31.1617519843421,0.06924833774298245,25.165369668585797,9.916629019906175,22.621170241211217
179,3,10,19053,5.212040457588669,0.0064346178488749,0.6096372272665516,0.3123838201682284,1.1668295533868829
180,3,20,0,1.2480832024201138e-14,2.600173338375237e-17,2.798055076160332e-15,1.399027538080166e-15,3.899319891366404e-15
181,3,20,657,8.502448191756459,0.010496849619452419,6.55145489505258,3.018183965844796,3.7145235926649485
182,3,20,1314,1.6913541939729115e-14,2.0377761373167608e-17,3.039892699674667e-15,1.5199463498373336e-15,4.527543651642102e-15
183,3,20,1971,7.402240254759115,0.07402240254759115,6.238232140623542,2.919368641261876,2.7724356014793767
184,3,20,2628,6.010077995187578,0.010543996482785223,6.173594278977301,3.357137956753614,3.8370772239073774
185,3,20,3285,6.928692483506482,0.016899249959771906,2.4235480607337134,1.085242123272297,1.2543631668506297
186,3,20,3942,1.1316573411778499e-14,1.5502155358600682e-17,2.4729208039788257e-15,1.2364604019894128e-15,3.812668338224928e-15
187,3,20,4599,6.120222430471924,0.009134660343987947,2.3644049728912595,1.0228274183717103,1.7209253984452695
188,3,20,5256,4.333444085970969e-15,8.84376344075708e-18,2.5923256314824795e-15,1.2961628157412398e-15,1.429750626834348e-15
189,3,20,5913,1.7909194938799593,0.0023564730182631046,1.3454068147879779,0.6080025652230938,17.459029612950758
190,3,20,6570,7.4035947435153675,0.013461081351846123,7.273068294191062,3.5401038750310727,3.6822164600071035
191,3,20,7227,12.085292143032182,0.020483546005139294,12.44327313579379,5.2281343234320845,6.2972748793197795
192,3,20,7884,4.078971666098003,0.005998487744261769,1.8655001775830853,0.8814846834183296,1.4329140661124262
193,3,20,8541,1.4279267229025558,0.0020694590186993564,0.9112975363632415,0.43727500560992616,0.5091528786623507
194,3,20,9198,4.1889551219482705e-15,6.252171823803389e-18,1.955939043736932e-15,9.77969521868466e-16,1.429750626834348e-15
195,3,20,9855,5.766073280715667e-15,3.0347754109029827e-17,1.7045815554071235e-15,8.522907777035618e-16,1.8196826159709883e-15
196,3,20,10512,0.9199322062219932,0.001460209851146021,0.8668959259159605,0.4363607962505996,0.4664677841504199
197,3,20,11169,2.346329315466759,0.039105488591112646,2.2715507928145726,1.0812957780217523,1.107476469620037
198,3,20,11826,9.300502614183442,0.021137505941326004,2.251470488211906,0.9607033175190535,2.341250497543422
199,3,20,12483,20.4883193962796,0.058538055417941715,8.367428190795529,3.4252483648532435,6.422424774587121
200,3,20,13140,1.7339018063023681,0.002281449745134695,1.5051733021377867,0.7383957155069777,0.8967156384998771
201,3,20,13797,1.1840988268871508,0.0022771131286291363,0.42501590995536637,0.22589039840237224,0.2111347797309941
202,3,20,14454,0.35995146595913496,0.003999460732879277,0.14404931402406576,0.07229174551860994,0.10783538898013226
203,3,20,15111,1.5231306000977771,0.00200411921065497,1.1862685581259758,0.5781919352419767,4.769124889261549
204,3,20,15768,0.6447024972526302,0.0014652329483014323,0.29425203280335666,0.14806738009416714,0.2032854275264725
205,3,20,16425,1.7990271584009225,0.004862235563245737,1.5986700161823644,0.8160476014374106,0.9046161075115737
206,3,20,17082,3.077537944236228,0.004963770877800367,1.978933987793901,0.9361019487077084,12.862648112133629
207,3,20,17739,1.6822986532218136,0.004673051814505038,0.867049020691403,0.4108466912822804,0.40970052771672455
208,3,20,18396,6.968484090827431,0.015485520201838736,0.32902321344901847,0.15351032810560555,0.9357421116404884
209,3,20,19053,7.647950708892907e-15,9.441914455423341e-18,4.67647261954139e-15,2.338236309770695e-15,3.2061074662345985e-15
210,3,30,0,0.20973221897021221,0.00043694212285460876,0.06515400417216062,0.03262012744395057,0.04217870482648524
211,3,30,657,3.1590959863504677,0.003900118501667244,1.5818015595498398,0.7201935621602534,0.8724761282523344
212,3,30,1314,0.367944173469805,0.00044330623309615064,0.10897737896219759,0.05106084782160065,0.03423779472890927
213,3,30,1971,0.8894443682172013,0.008894443682172013,1.240486140819477,0.6206559513375809,0.44082912143915587
214,3,30,2628,1.9834153070843101,0.003479675977340895,1.0361584332736657,0.5231630446030369,0.6632174604723118
215,3,30,3285,2.268806196001027,0.005533673648782993,1.9494386744950811,0.9050640129550942,0.7815755744525229
216,3,30,3942,1.3818206109450378e-14,1.8929049465000517e-17,3.2883764945244958e-15,1.6441882472622479e-15,3.920982779651773e-15
217,3,30,4599,2.6479854940693386,0.003952217155327371,1.2816606362334801,0.6201586847641796,0.7560155048299289
218,3,30,5256,6.5179019494492245e-15,1.3301840713161683e-17,3.195823064725383e-15,1.5979115323626915e-15,2.38291771139058e-15
219,3,30,5913,0.6752153072391688,0.0008884411937357484,0.5121309359675832,0.18418357824425408,17.02314066098635
220,3,30,6570,1.9397182565539837,0.0035267604664617883,1.390647182159587,0.6694919285159783,0.6758020037017309
221,3,30,7227,1.099928752906598e-14,1.8642860218755898e-17,5.113285643981557e-15,2.5566428219907784e-15,4.6358580930689465e-15
222,3,30,7884,8.054750109528996e-15,1.1845220749307347e-17,1.907585784957776e-15,9.53792892478888e-16,2.144625940251522e-15
223,3,30,8541,3.458171047915591,0.005011842098428393,2.2371414804604046,1.097583943523097,1.4771672768246829
224,3,30,9198,0.013525979773353519,2.018802951246794e-05,0.0009601832474770719,0.0004804699218578356,0.0010562015722225828
225,3,30,9855,6.228070963389358e-15,3.277932085994399e-17,2.0358065363937828e-15,1.0179032681968914e-15,1.9929857222539397e-15
226,3,30,10512,0.16633349020604218,0.0002640214130254638,0.05006206642067408,0.024301112466502385,0.01613305293863706
227,3,30,11169,1.730044207231819,0.028834070120530315,1.4051168818014372,0.6771672483943705,0.6471073880031534
228,3,30,11826,7.856353433103046,0.017855348711597833,0.9525670620419733,0.3752231715203629,1.0251122624463873
229,3,30,12483,13.061108198098491,0.03731745199456712,1.2581207272898984,0.4219126752603798,1.35094730903477
230,3,30,13140,2.3180107775662346,0.0030500141810082034,1.3106546890018163,0.6600459094063682,0.8822031386545545
231,3,30,13797,8.243632749480514e-15,1.5853139902847142e-17,1.2820943882915463e-15,6.410471941457731e-16,1.7113681745441437e-15
232,3,30,14454,1.7330554179822202,0.019256171310913558,0.2094874191658316,0.09933287891456173,0.2238318798561028
233,3,30,15111,8.621880961488517e-15,1.134458021248489e-17,5.785869464873565e-16,2.8929347324367824e-16,4.1470896304055085
234,3,30,15768,2.2193626405255326e-15,5.044006001194392e-18,1.0194300369585368e-16,5.097150184792684e-17,1.7330310628295127e-16
235,3,30,16425,0.3365225844748658,0.0009095204985807184,0.11346064763562652,0.05669390205320511,0.06197637765269669
236,3,30,17082,1.0156475436726051,0.0016381411994719438,0.30541200007270164,0.15355167505946005,11.880665434631133
237,3,30,17739,0.5474042582185511,0.0015205673839404196,0.21987627712318206,0.09403687388396839,0.04591374831768887
238,3,30,18396,1.0208928133770456,0.0022686506963934348,0.04988083247147274,0.02455857250970308,0.1353151962042373
239,3,30,19053,2.1858187057154695e-14,2.6985416119944066e-17,1.8411202948165892e-15,9.205601474082946e-16,6.412214932469197e-15
240,3,40,0,8.807822423847298e-15,1.8349630049681872e-17,8.778425318254068e-16,4.389212659127034e-16,1.8196826159709883e-15
241,3,40,657,0.3312107435964249,0.00040890215258817885,0.06159105989849783,0.03192171405229315,0.029901352503658062
242,3,40,1314,2.8776927309621294e-14,3.4670996758579874e-17,1.5435275471190959e-15,7.717637735595479e-16,5.0257900822055864e-15
243,3,40,1971,4.264068695489104e-15,4.264068695489104e-17,6.498866485610672e-15,3.249433242805336e-15,2.5670522618162155e-15
244,3,40,2628,1.8182927205305757,0.00318998722900101,0.9668092964391158,0.49898367523730414,0.6319081250898031
245,3,40,3285,0.6505096600013499,0.0015866089268325608,0.20678266302987347,0.10775406006435294,0.10020247381900667
246,3,40,3942,1.2431402792275077e-14,1.7029318893527503e-17,5.32614299066661e-15,2.663071495333305e-15,5.372396294771489e-15
247,3,40,4599,1.2848928221857916,0.0019177504808743158,0.42428052981883385,0.20964429078772664,0.21538593793897265
248,3,40,5256,5.898037120030551e-15,1.203681044904194e-17,2.4424359499119973e-15,1.2212179749559986e-15,2.2962661582491043e-15
249,3,40,5913,0.6344412685745153,0.0008347911428612044,0.5031446540880513,0.17969451931716132,17.000766988801963
250,3,40,6570,0.35568259265611707,0.0006466956230111219,0.09266846656754323,0.04551473378833449,0.061270460227442446
251,3,40,7227,0.44132300587956613,0.0007480050947111291,0.09932913544764034,0.04835150906977958,0.059597481268584544
252,3,40,7884,0.3324073065082154,0.0004888342742767874,0.10118692100757593,0.050516741294788566,0.06401019041615225
253,3,40,8541,0.023766935878971364,3.444483460720488e-05,0.002319857365492985,0.0011621394008184364,0.0018558858923962153
254,3,40,9198,1.036242266258991,0.0015466302481477478,0.388067975438966,0.18342528705899191,0.18640768883727923
255,3,40,9855,2.2193626405255326e-15,1.1680856002765961e-17,8.665155314147564e-17,4.332577657073782e-17,1.7330310628295127e-16
256,3,40,10512,0.47961112179724136,0.0007612874949162561,0.12543442011300135,0.06184056413904496,0.1051563269457895
257,3,40,11169,0.0,0.0,0.0,0.0,0.0
258,3,40,11826,5.871881615898199e-15,1.3345185490677726e-17,4.468696955112115e-16,2.2343484775560575e-16,8.665155314147563e-16
259,3,40,12483,4.9935659411824484e-15,1.426733126052128e-17,3.220549391758178e-15,1.610274695879089e-15,2.38291771139058e-15
260,3,40,13140,0.9705228773318442,0.0012770037859629528,0.4943089458572986,0.24038974948717654,0.2659736954175586
261,3,40,13797,0.24842394266570234,0.0004777383512801968,0.04736332284566527,0.023808322539836984,0.049668970838508526
262,3,40,14454,0.6761071638944213,0.007512301821049125,0.08535456090281406,0.04163740234619468,0.08831646516382706
263,3,40,15111,1.4777159469434734e-14,1.9443630880835176e-17,8.218500505698288e-15,4.109250252849144e-15,4.147089630405514
264,3,40,15768,4.716145611116756e-15,1.0718512752538083e-17,3.57437656708587e-15,1.787188283542935e-15,2.361254823105211e-15
265,3,40,16425,7.826990703256953e-15,2.1154028927721494e-17,5.307212468759658e-15,2.653606234379829e-15,3.76934256165419e-15
266,3,40,17082,1.0403447322706201e-14,1.6779753746300325e-17,2.968469341329457e-15,1.4842346706647285e-15,11.608231707317076
267,3,40,17739,0.5466081666101212,0.0015183560183614478,0.21341463414634188,0.09081473793461359,0.04268292682926881
268,3,40,18396,9.415958238166116e-15,2.0924351640369146e-17,4.976956520291045e-16,2.4884782601455227e-16,1.7330310628295126e-15
269,3,40,19053,1.1343744095334756e-14,1.400462233991945e-17,3.962184743645513e-15,1.9810923718227566e-15,3.4660621256590252e-15
270,3,50,0,1.5604739443028453e-14,3.250987383964261e-17,7.0144996693622296e-15,3.5072498346811148e-15,7.14875313417174e-15
271,3,50,657,2.443032166354523e-14,3.016089094264843e-17,2.162388613918925e-15,1.0811943069594628e-15,5.9572942784764495e-15
272,3,50,1314,1.0614726839510314e-14,1.2788827517482306e-17,1.2518571823214361e-15,6.259285911607181e-16,1.8196826159709883e-15
273,3,50,1971,1.922024426905222e-15,1.922024426905222e-17,2.441998315805222e-16,1.220999157902611e-16,2.599546594244269e-16
274,3,50,2628,0.14304689502161488,0.00025095946495020153,0.041550437100974176,0.02081471873204116,0.02130300985666999
275,3,50,3285,0.14367596623744308,0.00035042918594498313,0.06511099092193981,0.03254113366374476,0.026793454016303113
276,3,50,3942,1.2003038698895942e-14,1.6442518765610878e-17,2.390355948987436e-15,1.195177974493718e-15,3.726016785083452e-15
277,3,50,4599,2.2453837018975182,0.003351318958055997,0.718521626759431,0.32425897762872835,0.46158780523895926
278,3,50,5256,8.613443336467826e-15,1.757845578870985e-17,4.1929120837687034e-15,2.0964560418843517e-15,3.4227363490882874e-15
279,3,50,5913,0.6344412685745153,0.0008347911428612044,0.5031446540880534,0.17969451931716235,17.000766988801963
280,3,50,6570,0.24135805697238968,0.0004388328308588903,0.1095301963245986,0.05440628972888475,0.05352456507706471
281,3,50,7227,1.137084985463761e-14,1.9272626872267138e-17,5.336211477633094e-16,2.668105738816547e-16,1.8196826159709883e-15
282,3,50,7884,7.438797377585402e-15,1.0939407908213827e-17,4.205896675137198e-15,2.102948337568599e-15,2.9678156950955403e-15
283,3,50,8541,4.877373656910462,0.007068657473783279,1.1762732722232505,0.7606113036948354,0.8228014086341388
284,3,50,9198,0.7826167012907358,0.001168084628792143,0.4166514666822367,0.20842707822905093,0.17653465282134145
285,3,50,9855,0.0,0.0,0.0,0.0,0.0
286,3,50,10512,0.08744332771418593,0.00013879893287966022,0.010133675741023838,0.005096558923135425,0.008454501568430643
287,3,50,11169,1.8406293760645078,0.030677156267741798,0.8858101753049895,0.4183120735721558,0.43278371389037346
288,3,50,11826,0.1457692953029818,0.00033129385296132226,0.016260956582370412,0.008023493158594713,0.011382669607659648
289,3,50,12483,7.072858382361562e-15,2.020816680674732e-17,3.945227800151337e-15,1.9726139000756683e-15,2.7295239239564825e-15
290,3,50,13140,0.1502743986462863,0.0001977294719030083,0.023750628681068208,0.011957672604627028,0.02005004309570216
291,3,50,13797,1.0380118272315598e-15,1.9961765908299228e-18,1.1192492280773937e-15,5.596246140386968e-16,3.0328043599516474e-16
292,3,50,14454,0.0,0.0,0.0,0.0,0.0
293,3,50,15111,2.2261600917885215e-15,2.9291580155112124e-18,2.9061052587325162e-16,1.4530526293662581e-16,4.147089630405508
294,3,50,15768,6.20330716367315e-16,1.4098425371984431e-18,3.9715295189843e-16,1.98576475949215e-16,1.0831444142684454e-16
295,3,50,16425,3.8601943292158563,0.010432957646529342,1.0834964803611127,0.47630546514115973,0.6465084740070108
296,3,50,17082,1.447485600711457e-14,2.3346541946958983e-17,2.842515929261003e-15,1.4212579646305014e-15,11.608231707317078
297,3,50,17739,0.5466081666101212,0.0015183560183614478,0.21341463414634643,0.09081473793461588,0.042682926829271065
298,3,50,18396,9.083133070707913e-15,2.0184740157128695e-17,1.6501811554177706e-15,8.250905777088853e-16,2.5128950411027932e-15
299,3,50,19053,1.1207231974001958e-14,1.383608885679254e-17,1.3598649872317402e-15,6.799324936158701e-16,2.9461528068101714e-15
300,4,10,0,2.5432188269189897,0.005298372556081229,1.221735722174021,0.5944349730750702,0.8535775985170133
301,4,10,657,16.680261371265104,0.020592915273166795,6.999522121445646,3.1559784670363773,5.350182644593751
302,4,10,1314,1.9008979521250247,0.002290238496536174,1.125357949700862,0.4859793224448702,0.396366903417245
303,4,10,1971,3.9305188032708536,0.039305188032708535,8.447768542455943,3.711196102887193,2.5088670066153123
304,4,10,2628,6.951673352941348,0.012195918163054997,3.81907205039251,1.9953865652751892,3.057727518412128
305,4,10,3285,10.146815497710536,0.02474833048222082,11.414138073169898,4.652667960877105,4.7604288404273705
306,4,10,3942,0.5632635493894426,0.0007715939032732089,0.03186973398757832,0.015843061524494828,0.0799903407399655
307,4,10,4599,0.05548215586885039,8.280918786395581e-05,0.001805178541610696,0.0009012551910496025,0.004332428499865571
308,4,10,5256,0.8772020828401396,0.0017902083323268155,0.7578356953694829,0.3780021415733336,0.47321913347536326
309,4,10,5913,4.328770598845088,0.0056957507879540625,2.615467109687484,1.320638042277106,18.321727436326903
310,4,10,6570,2.4051668513885205,0.004373030638888219,1.5034093415395486,0.7770416728734914,1.0699174943958096
311,4,10,7227,0.3627571320862584,0.0006148425967563702,0.04208344168359835,0.021146013449876204,0.05462577785989253
312,4,10,7884,0.3658004674830125,0.0005379418639456066,0.05685052474819086,0.028353805203359544,0.0647187279239782
313,4,10,8541,2.1230980257215935,0.0030769536604660776,1.2574666292914416,0.6215667142743216,0.9345530216639771
314,4,10,9198,5.2490389742394844e-15,7.834386528715648e-18,2.345871032873572e-15,1.172935516436786e-15,1.8196826159709883e-15
315,4,10,9855,0.11145976278798647,0.0005866303304630867,0.012433636038439394,0.006280854988467867,0.008703545226907142
316,4,10,10512,2.3402015460649044,0.003714605628674451,2.4895071400041053,1.2067025465794405,1.4993249056952431
317,4,10,11169,6.717156845663183,0.11195261409438638,11.44647887021983,5.115594258751742,4.679416662689371
318,4,10,11826,0.02677047328655249,6.0841984742164747e-05,0.002224571608646377,0.0011140819909091805,0.0022107883331538097
319,4,10,12483,0.58873404180138,0.0016820972622896572,0.04212759695525735,0.020371459357598008,0.04620633851789652
320,4,10,13140,19.01736450491715,0.025022848032785726,17.34420563092794,7.522934245774886,11.90678468992501
321,4,10,13797,2.591075129323727,0.0049828367871610135,1.05552117607132,0.5437160849211939,0.9566153675192878
322,4,10,14454,0.5469873487593748,0.0060776372084374985,0.2194658404950253,0.10882290987195714,0.13683975566319773
323,4,10,15111,5.943825124677704,0.007820822532470663,2.0981051323455984,1.0119574149420139,5.825062705423196
324,4,10,15768,3.0132929136076254,0.006848392985471876,1.9896817918266227,0.9745749510302175,1.3420012349952601
325,4,10,16425,8.063441072296467,0.021793083979179638,4.400365690667632,2.1565602515881785,3.08282439263668
326,4,10,17082,2.985087938403149,0.0048146579651663695,0.07299107142857258,0.037219996357676775,12.016981707317075
327,4,10,17739,5.5864957057999165,0.01551804362722199,2.5248859457240895,1.031857555927521,1.2969078974268422
328,4,10,18396,0.042301191349059526,9.40026474423545e-05,0.005585185149749526,0.0027982328636805553,0.004904879559228803
329,4,10,19053,2.859220646343285,0.003529902032522574,0.34811476740600444,0.17250932797196392,0.41601895780338255
330,4,20,0,1.2480832024201138e-14,2.600173338375237e-17,2.798055076160332e-15,1.399027538080166e-15,3.899319891366404e-15
331,4,20,657,2.8887489115273888,0.003566356680898011,2.5723951720072122,1.2660108728160229,1.5005540534427209
332,4,20,1314,1.6913541939729115e-14,2.0377761373167608e-17,3.039892699674667e-15,1.5199463498373336e-15,4.527543651642102e-15
333,4,20,1971,0.8233054820565079,0.00823305482056508,0.7341245952401255,0.3430512368788915,0.223430904075329
334,4,20,2628,3.3080897449117783,0.005803666219143471,1.0873111876688177,0.5127834622737502,0.9546979422220505
335,4,20,3285,2.8485537281528552,0.006947692019885013,1.1040772086414559,0.5562831601805885,0.6496708183742985
336,4,20,3942,1.1316573411778499e-14,1.5502155358600682e-17,2.4729208039788257e-15,1.2364604019894128e-15,3.812668338224928e-15
337,4,20,4599,0.2639100346173964,0.0003938955740558156,0.08296950058631579,0.04254598933533292,0.03564020846182225
338,4,20,5256,0.32395257691761914,0.0006611277079951411,0.10884461728865923,0.05490047788685801,0.06079293669787062
339,4,20,5913,2.7986194265847764,0.00368239398234839,1.4599209171284937,0.6375458263101587,17.888268630716638
340,4,20,6570,0.0809383428992078,0.0001471606234531051,0.015697672106392044,0.007869107490988998,0.014127904895754127
341,4,20,7227,5.464546764288674e-15,9.261943668285888e-18,1.4739259284358845e-15,7.369629642179422e-16,1.3430990736928723e-15
342,4,20,7884,0.0,0.0,0.0,0.0,0.0
343,4,20,8541,1.1031127289611733,0.0015987140999437295,0.41628384145108216,0.212046397348086,0.3370140284575657
344,4,20,9198,4.1889551219482705e-15,6.252171823803389e-18,1.955939043736932e-15,9.77969521868466e-16,1.429750626834348e-15
345,4,20,9855,5.673209933681877,0.029858999650957247,3.6974616061516286,1.3567997538937768,1.373776343392425
346,4,20,10512,0.13159231526464163,0.00020887669089625656,0.023249841378645626,0.011698379588887654,0.017988441369886678
347,4,20,11169,1.5796140480968304,0.026326900801613838,1.4934764280449058,0.7291580721987737,0.73063043995617
348,4,20,11826,7.607591848238538e-15,1.7289981473269404e-17,2.3332508959535897e-15,1.1666254479767948e-15,2.2529403816783665e-15
349,4,20,12483,0.0,0.0,0.0,0.0,0.0
350,4,20,13140,0.03186293087862959,4.192490905082841e-05,0.00471853816935732,0.0023617676647673352,0.0035176443718456843
351,4,20,13797,0.1931667777404944,0.00037147457257787384,0.049131062011393604,0.024926020258834936,0.025567466966848622
352,4,20,14454,1.881556222533048e-15,2.0906180250367202e-17,1.19145885569529e-15,5.957294278476449e-16,4.3325776570737815e-16
353,4,20,15111,5.265115700932727e-15,6.927783817016746e-18,1.6181722463396965e-15,8.090861231698482e-16,4.147089630405508
354,4,20,15768,5.204866752942149e-15,1.1829242620323067e-17,3.5668538814305893e-16,1.7834269407152946e-16,6.932124251318051e-16
355,4,20,16425,6.658087921576597e-15,1.799483222047729e-17,2.4653883041206694e-16,1.2326941520603347e-16,8.665155314147563e-16
356,4,20,17082,1.3755648913781693,0.0022186530506099504,0.24448432797453584,0.11898359710952677,11.871154951641431
357,4,20,17739,0.5466081666101212,0.0015183560183614478,0.2134146341463422,0.09081473793461377,0.042682926829269247
358,4,20,18396,6.749927955466213e-15,1.499983990103603e-17,2.725522697837396e-15,1.362761348918698e-15,2.859501253668696e-15
359,4,20,19053,0.04650334337312008,5.741153502854331e-05,0.005187572910703063,0.002604867064363152,0.003631301037492077
360,4,30,0,9.354455566727654e-15,1.948844909734928e-17,7.413719833666555e-16,3.7068599168332775e-16,1.8413455042563572e-15
361,4,30,657,1.2652313710551721e-14,1.5620140383397186e-17,2.309861466829282e-15,1.154930733414641e-15,3.292759019376074e-15
362,4,30,1314,1.702917980888091e-14,2.0517084107085435e-17,1.4946446214857695e-15,7.473223107428848e-16,3.552713678800501e-15
363,4,30,1971,3.3290439607882987e-15,3.329043960788299e-17,2.5837917664003648e-15,1.2918958832001824e-15,1.3864248502636102e-15
364,4,30,2628,4.200199177297446,0.007368770486486747,1.0826951587439688,0.44584857185459303,0.6527552556454103
365,4,30,3285,0.09981127424509131,0.00024344213230510076,0.05530021816186763,0.02765328777884745,0.024302574902498954
366,4,30,3942,1.3818206109450378e-14,1.8929049465000517e-17,3.2883764945244958e-15,1.6441882472622479e-15,3.920982779651773e-15
367,4,30,4599,1.0409733505884299e-14,1.5536915680424325e-17,1.0934808207787136e-15,5.467404103893568e-16,2.2529403816783665e-15
368,4,30,5256,6.5179019494492245e-15,1.3301840713161683e-17,3.195823064725383e-15,1.5979115323626915e-15,2.38291771139058e-15
369,4,30,5913,0.6721784728560306,0.0008844453590210929,0.5070580013976259,0.18165729939886952,17.018377051695047
370,4,30,6570,5.436306023483481e-15,9.884192769969966e-18,3.821952433204371e-15,1.9109762166021856e-15,2.599546594244269e-15
371,4,30,7227,1.099928752906598e-14,1.8642860218755898e-17,5.113285643981557e-15,2.5566428219907784e-15,4.6358580930689465e-15
372,4,30,7884,8.054750109528996e-15,1.1845220749307347e-17,1.907585784957776e-15,9.53792892478888e-16,2.144625940251522e-15
373,4,30,8541,0.17196373008761995,0.0002492227972284347,0.05674806279374611,0.02876018862126558,0.027711074794911597
374,4,30,9198,1.1750314843592937e-14,1.7537783348646173e-17,7.156130394828807e-15,3.578065197414404e-15,5.675676730766654e-15
375,4,30,9855,6.228070963389358e-15,3.277932085994399e-17,2.0358065363937828e-15,1.0179032681968914e-15,1.9929857222539397e-15
376,4,30,10512,2.8427124636594026e-15,4.5122420058085755e-18,2.3251500092962626e-15,1.1625750046481313e-15,1.1481330791245522e-15
377,4,30,11169,0.20952240513657294,0.003492040085609549,0.06809202183827992,0.03403549695095433,0.04118173528489729
378,4,30,11826,0.022963296700431544,5.2189310682798964e-05,0.001992369128373697,0.0009978147367142045,0.0017931322155370375
379,4,30,12483,4.805061067263055e-16,1.3728745906465872e-18,2.8883851047158543e-16,1.4441925523579272e-16,6.498866485610672e-17
380,4,30,13140,8.304094617852479e-15,1.0926440286647998e-17,5.034682893488579e-16,2.5173414467442896e-16,1.3864248502636102e-15
381,4,30,13797,8.243632749480514e-15,1.5853139902847142e-17,1.2820943882915463e-15,6.410471941457731e-16,1.7113681745441437e-15
382,4,30,14454,4.608852667564564e-15,5.120947408405071e-17,2.2286516887523468e-15,1.1143258443761734e-15,1.6897052862587748e-15
383,4,30,15111,8.621880961488517e-15,1.134458021248489e-17,5.785869464873565e-16,2.8929347324367824e-16,4.1470896304055085
384,4,30,15768,0.34861592709894185,0.0007923089252248678,0.1252572024663011,0.0631043762172506,0.08356477606099458
385,4,30,16425,0.6017785930280826,0.0016264286298056285,0.35597196232469996,0.17924611678077662,0.1995726508142754
386,4,30,17082,1.9515687152665277e-14,3.147691476236335e-17,6.3298258489205824e-15,3.1649129244602912e-15,11.608231707317081
387,4,30,17739,0.5466081666101216,0.0015183560183614489,0.21341463414634196,0.09081473793461362,0.04268292682926884
388,4,30,18396,4.2977772729751525e-15,9.550616162167006e-18,1.1816120882928493e-15,5.908060441464246e-16,1.2997732971221345e-15
389,4,30,19053,2.1858187057154695e-14,2.6985416119944066e-17,1.8411202948165892e-15,9.205601474082946e-16,6.412214932469197e-15
390,4,40,0,8.807822423847298e-15,1.8349630049681872e-17,8.778425318254068e-16,4.389212659127034e-16,1.8196826159709883e-15
391,4,40,657,0.3491853851361299,0.0004310930680692962,0.02474020676790821,0.01253329922577992,0.03289459610412389
392,4,40,1314,2.8776927309621294e-14,3.4670996758579874e-17,1.5435275471190959e-15,7.717637735595479e-16,5.0257900822055864e-15
393,4,40,1971,4.264068695489104e-15,4.264068695489104e-17,6.498866485610672e-15,3.249433242805336e-15,2.5670522618162155e-15
394,4,40,2628,0.2333040906676108,0.0004093054222238786,0.05851196144212306,0.029612035003056168,0.03738887536461641
395,4,40,3285,5.182639462405356e-15,1.264058405464721e-17,1.740214995013037e-15,8.701074975065185e-16,1.2347846322660277e-15
396,4,40,3942,1.2431402792275077e-14,1.7029318893527503e-17,5.32614299066661e-15,2.663071495333305e-15,5.372396294771489e-15
397,4,40,4599,9.9562596852171e-15,1.4860089082413584e-17,1.1930119815180493e-15,5.965059907590246e-16,1.906334169112464e-15
398,4,40,5256,5.898037120030551e-15,1.203681044904194e-17,2.4424359499119973e-15,1.2212179749559986e-15,2.2962661582491043e-15
399,4,40,5913,0.6344412685745153,0.0008347911428612044,0.5031446540880513,0.17969451931716132,17.000766988801963
400,4,40,6570,9.987131882364897e-15,1.8158421604299813e-17,2.634590315901919e-15,1.3172951579509594e-15,3.032804359951647e-15
401,4,40,7227,5.1078499784100654e-15,8.657372844762823e-18,5.787711062101087e-16,2.8938555310505436e-16,6.715495368464362e-16
402,4,40,7884,5.175209151111433e-15,7.610601692810931e-18,2.4462632096780803e-15,1.2231316048390402e-15,1.949659945683202e-15
403,4,40,8541,0.06364822266272266,9.224380096046762e-05,0.014944071003325317,0.0074550137016526664,0.009489895107199872
404,4,40,9198,8.359517444006656e-15,1.2476891707472622e-17,1.9317934793782813e-15,9.658967396891407e-16,2.0363114988246772e-15
405,4,40,9855,2.2193626405255326e-15,1.1680856002765961e-17,8.665155314147564e-17,4.332577657073782e-17,1.7330310628295127e-16
406,4,40,10512,1.1127979224001787e-14,1.7663459085717122e-17,4.227145629426734e-15,2.113572814713367e-15,4.440892098500626e-15
407,4,40,11169,0.0,0.0,0.0,0.0,0.0
408,4,40,11826,5.871881615898199e-15,1.3345185490677726e-17,4.468696955112115e-16,2.2343484775560575e-16,8.665155314147563e-16
409,4,40,12483,4.9935659411824484e-15,1.426733126052128e-17,3.220549391758178e-15,1.610274695879089e-15,2.38291771139058e-15
410,4,40,13140,0.3086031975468882,0.0004060568388774845,0.1151637757797081,0.05830833434193657,0.06514921442754423
411,4,40,13797,7.191556894489877e-15,1.3829917104788224e-17,1.3142152226457138e-15,6.571076113228569e-16,1.5597279565465614e-15
412,4,40,14454,2.48132286546926e-15,2.7570254060769554e-17,4.813975174526424e-16,2.406987587263212e-16,4.3325776570737815e-16
413,4,40,15111,1.4777159469434734e-14,1.9443630880835176e-17,8.218500505698288e-15,4.109250252849144e-15,4.147089630405514
414,4,40,15768,4.716145611116756e-15,1.0718512752538083e-17,3.57437656708587e-15,1.787188283542935e-15,2.361254823105211e-15
415,4,40,16425,7.826990703256953e-15,2.1154028927721494e-17,5.307212468759658e-15,2.653606234379829e-15,3.76934256165419e-15
416,4,40,17082,0.05331115908489205,8.598574045950331e-05,0.008698160830527437,0.004362926079050607,11.614373951486588
417,4,40,17739,0.5466081666101212,0.0015183560183614478,0.21341463414634188,0.09081473793461359,0.04268292682926881
418,4,40,18396,9.415958238166116e-15,2.0924351640369146e-17,4.976956520291045e-16,2.4884782601455227e-16,1.7330310628295126e-15
419,4,40,19053,1.1343744095334756e-14,1.400462233991945e-17,3.962184743645513e-15,1.9810923718227566e-15,3.4660621256590252e-15
420,4,50,0,1.5604739443028453e-14,3.250987383964261e-17,7.0144996693622296e-15,3.5072498346811148e-15,7.14875313417174e-15
421,4,50,657,2.443032166354523e-14,3.016089094264843e-17,2.162388613918925e-15,1.0811943069594628e-15,5.9572942784764495e-15
422,4,50,1314,1.0614726839510314e-14,1.2788827517482306e-17,1.2518571823214361e-15,6.259285911607181e-16,1.8196826159709883e-15
423,4,50,1971,1.922024426905222e-15,1.922024426905222e-17,2.441998315805222e-16,1.220999157902611e-16,2.599546594244269e-16
424,4,50,2628,2.9359408079490997e-15,5.150773347279122e-18,3.1290838634421754e-16,1.5645419317210877e-16,4.3325776570737815e-16
425,4,50,3285,0.008901605378227585,2.1711232629823376e-05,0.0013901971987686159,0.0006958918894877421,0.0006950985993866376
426,4,50,3942,1.2003038698895942e-14,1.6442518765610878e-17,2.390355948987436e-15,1.195177974493718e-15,3.726016785083452e-15
427,4,50,4599,9.673977469120384e-15,1.443877234197072e-17,1.9479942779565414e-15,9.739971389782707e-16,2.7728497005272203e-15
428,4,50,5256,8.613443336467826e-15,1.757845578870985e-17,4.1929120837687034e-15,2.0964560418843517e-15,3.4227363490882874e-15
429,4,50,5913,0.6344412685745153,0.0008347911428612044,0.5031446540880534,0.17969451931716235,17.000766988801963
430,4,50,6570,2.353989559541529e-15,4.279981017348234e-18,9.903034644740074e-16,4.951517322370037e-16,3.4660621256590254e-16
431,4,50,7227,1.137084985463761e-14,1.9272626872267138e-17,5.336211477633094e-16,2.668105738816547e-16,1.8196826159709883e-15
432,4,50,7884,7.438797377585402e-15,1.0939407908213827e-17,4.205896675137198e-15,2.102948337568599e-15,2.9678156950955403e-15
433,4,50,8541,1.2356888218114396e-14,1.7908533649441155e-17,9.055140441068084e-16,4.527570220534042e-16,2.599546594244269e-15
434,4,50,9198,6.851776712327389e-15,1.022653240645879e-17,8.882289159432148e-16,4.441144579716074e-16,1.2564475205513966e-15
435,4,50,9855,0.0,0.0,0.0,0.0,0.0
436,4,50,10512,0.541536707211869,0.0008595820749394746,0.20426136743406034,0.10049322997923418,0.12907057518235646
437,4,50,11169,0.0701390100086421,0.001168983500144035,0.031364571984922505,0.0159621153190588,0.0067776351944107615
438,4,50,11826,4.464657684441566e-15,1.014694928282174e-17,5.722065946084817e-16,2.8610329730424087e-16,7.582010899879118e-16
439,4,50,12483,7.072858382361562e-15,2.020816680674732e-17,3.945227800151337e-15,1.9726139000756683e-15,2.7295239239564825e-15
440,4,50,13140,9.150666588436488e-15,1.2040350774258536e-17,4.829558423737896e-16,2.414779211868948e-16,1.5597279565465614e-15
441,4,50,13797,1.0380118272315598e-15,1.9961765908299228e-18,1.1192492280773937e-15,5.596246140386968e-16,3.0328043599516474e-16
442,4,50,14454,0.0,0.0,0.0,0.0,0.0
443,4,50,15111,2.2261600917885215e-15,2.9291580155112124e-18,2.9061052587325162e-16,1.4530526293662581e-16,4.147089630405508
444,4,50,15768,6.20330716367315e-16,1.4098425371984431e-18,3.9715295189843e-16,1.98576475949215e-16,1.0831444142684454e-16
445,4,50,16425,4.114808464245522e-15,1.112110395742033e-17,4.76583542278116e-15,2.38291771139058e-15,2.38291771139058e-15
446,4,50,17082,1.447485600711457e-14,2.3346541946958983e-17,2.842515929261003e-15,1.4212579646305014e-15,11.608231707317078
447,4,50,17739,0.5466081666101212,0.0015183560183614478,0.21341463414634643,0.09081473793461588,0.042682926829271065
448,4,50,18396,9.083133070707913e-15,2.0184740157128695e-17,1.6501811554177706e-15,8.250905777088853e-16,2.5128950411027932e-15
449,4,50,19053,1.1207231974001958e-14,1.383608885679254e-17,1.3598649872317402e-15,6.799324936158701e-16,2.9461528068101714e-15
450,5,10,0,3.6648341633747097,0.007635071173697312,1.6244082082778406,0.7811358581185219,1.3236259726618693
451,5,10,657,2.1106062666030883,0.0026056867488927016,0.3892106472592782,0.19471702635657434,0.3706144543521111
452,5,10,1314,4.0621005989558596e-14,4.8940971071757345e-17,9.778113406026701e-15,4.8890567030133505e-15,1.7503613734578078e-14
453,5,10,1971,116.0925969179505,1.160925969179505,176.99331502411377,26.447375285787672,58.94273324912436
454,5,10,2628,1.2473823822793615,0.002188390144349757,0.5438701306743589,0.2705367823674677,0.4290494045171191
455,5,10,3285,1.2510259827028796,0.0030512828846411696,1.097177794378997,0.4982344667355542,0.38519249740768735
456,5,10,3942,0.6377998471388122,0.0008736984207380989,0.26419337265127185,0.1313639273347964,0.22932785779459106
457,5,10,4599,2.0290664708482926,0.0030284574191765563,0.8171465394286638,0.3953246647012433,0.6861731009513753
458,5,10,5256,0.10137933366626868,0.00020689659931891568,0.021139151648856987,0.010550921167567482,0.02051708144631363
459,5,10,5913,3.1168804388876423,0.004101158472220582,2.3958826525950143,1.132222236658691,18.092090192116178
460,5,10,6570,1.3904267089954732e-14,2.5280485618099513e-17,1.5883099653220433e-14,7.941549826610216e-15,9.791625504986746e-15
461,5,10,7227,0.0456325864600035,7.734336688136187e-05,0.026566736621227376,0.01323681167907366,0.00940371852675413
462,5,10,7884,0.2452156897201595,0.0003606113084119993,0.025304868101214562,0.0126591376044035,0.03552932225576633
463,5,10,8541,1.1844208724668779,0.0017165519890824318,0.8361276633113186,0.40221531033387653,0.3950796747584631
464,5,10,9198,0.5025939153173762,0.0007501401721154868,0.329726483620184,0.16023957327382224,0.13181842881847983
465,5,10,9855,1.1961288872577851e-14,6.295415196093606e-17,8.159820172887522e-15,4.079910086443761e-15,6.043945831617925e-15
466,5,10,10512,1.8534142617757958,0.0029419273996441203,1.634992127291252,0.7864718462390005,0.8750673031524596
467,5,10,11169,0.42878991845103653,0.007146498640850609,0.3158641912482636,0.1595798577401581,0.15283427380942666
468,5,10,11826,1.280455591902998,0.0029101263452340864,0.32917278455916743,0.16842354534287637,0.3427104255015451
469,5,10,12483,0.104490588223492,0.0002985445377814057,0.05827046321017919,0.02883914242033024,0.020141102811778864
470,5,10,13140,2.7330408330505973,0.0035961063592771015,0.02667682926829773,0.013636717836829453,0.21341463414634917
471,5,10,13797,1.3764807851307341,0.0026470784329437197,0.5791085193908161,0.2960095667448827,0.472395870636737
472,5,10,14454,0.026396384607415953,0.0002932931623046217,0.007133787127495854,0.0035624973329540875,0.004597412071735969
473,5,10,15111,2.278624262289388,0.0029981898188018268,0.8718940915308138,0.42364276888742536,4.75239209449541
474,5,10,15768,0.8220370867757457,0.001868266106308513,0.861046753278524,0.41677498469303115,0.41698557362694977
475,5,10,16425,5.295449578946656,0.014312025889045015,3.3470057511162965,1.4756092974643285,1.83626231459667
476,5,10,17082,3.4427844188866223,0.005552878094978423,0.3325351023444555,0.1650626874644475,12.413561681841891
477,5,10,17739,0.5466928582940356,0.0015185912730389878,0.21565914984152315,0.09193811335469859,0.04374131342249299
478,5,10,18396,2.412759555018568e-14,5.3616879000412626e-17,9.728420480637757e-15,4.864210240318878e-15,1.1481330791245522e-14
479,5,10,19053,2.8214081429551623,0.0034832199295742744,0.07620112294868171,0.03840585620793664,0.33640711330326545
480,5,20,0,0.012961724000200755,2.7003591667084906e-05,0.0014459151412044833,0.000722101410764339,0.0010121405988472714
481,5,20,657,3.679141681587871e-14,4.5421502241825567e-17,1.455421141986987e-14,7.277105709934935e-15,1.884671280827095e-14
482,5,20,1314,3.099667887918681e-14,3.7345396239984107e-17,1.5376072491327834e-14,7.688036245663916e-15,1.7546939511148817e-14
483,5,20,1971,1.162520285505925e-14,1.162520285505925e-16,1.9074751437479846e-14,9.537375718739923e-15,9.14173885642568e-15
484,5,20,2628,0.10794039304217527,0.0001893691106003075,0.010535910775718459,0.00522283299982358,0.00842872862057779
485,5,20,3285,0.25554641253260274,0.0006232839330063482,0.15577057117001075,0.07871532768488104,0.07032012690341588
486,5,20,3942,2.953191209516473e-14,4.0454674102965384e-17,1.1949346092409273e-14,5.974673046204636e-15,1.442748359805569e-14
487,5,20,4599,0.04278508530585274,6.385833627739215e-05,0.0038702626581895677,0.0019339840400457655,0.004583735071449095
488,5,20,5256,2.0084254770996736e-14,4.098827504285048e-17,1.1231150837667606e-14,5.615575418833803e-15,9.694142507702586e-15
489,5,20,5913,1.030450228939815,0.0013558555643944934,0.542722882947537,0.19954546380196264,17.08092848819239
490,5,20,6570,1.9632266654287687e-14,3.569503028052307e-17,1.191330407540252e-14,5.9566520377012584e-15,1.1004747248967406e-14
491,5,20,7227,1.34741772016006e-14,2.283758847728915e-17,2.6645488858698636e-15,1.3322744429349318e-15,3.747679673368821e-15
492,5,20,7884,0.15849690478120657,0.00023308368350177436,0.06150037037531003,0.03095272095202883,0.03481241966723535
493,5,20,8541,0.2056783583444024,0.00029808457731072814,0.07285987508415868,0.03706791363296741,0.03213935934697401
494,5,20,9198,2.1113127029872247e-14,3.1512129895331715e-17,9.668529552751475e-15,4.834264776375738e-15,1.1178050355250357e-14
495,5,20,9855,1.236933848647976e-14,6.510178150778821e-17,1.0789831061997749e-14,5.394915530998874e-15,7.495359346737643e-15
496,5,20,10512,0.3403634210485608,0.0005402593984897791,0.10140114781352434,0.051560925542645165,0.055624168592209706
497,5,20,11169,0.0004602202351402602,7.67033725233767e-06,7.18743254221461e-05,3.593504480924739e-05,3.593716271076977e-05
498,5,20,11826,2.324378449235356e-14,5.2826782937167183e-17,8.576004677713341e-15,4.288002338856671e-15,1.0268209047264862e-14
499,5,20,12483,1.0992288299894561e-14,3.140653799969875e-17,1.0021686388502225e-14,5.010843194251113e-15,6.368889155898459e-15
500,5,20,13140,1.7832754900841457e-14,2.3464151185317706e-17,1.0081222538221809e-14,5.040611269110903e-15,1.0354860600406338e-14
501,5,20,13797,1.503198416946716e-14,2.8907661864359924e-17,1.3816091385006168e-14,6.908045692503084e-15,1.0224883270694124e-14
502,5,20,14454,1.0109677962271085e-14,1.123297551363454e-16,1.328244521725762e-14,6.64122260862881e-15,8.665155314147563e-15
503,5,20,15111,3.030716865569231e-14,3.9877853494331985e-17,1.918652669681905e-14,9.593263348409526e-15,4.147089630405524
504,5,20,15768,0.039417714462670256,8.958571468788695e-05,0.0034200070848387984,0.0017148125727607323,0.003078006376353159
505,5,20,16425,1.0585685124787652e-14,2.860995979672338e-17,1.0097117767413452e-14,5.0485588837067244e-15,5.805654060478867e-15
506,5,20,17082,3.4044007430834443e-14,5.4909689404571685e-17,1.4335521698637615e-14,7.167760849318808e-15,11.608231707317092
507,5,20,17739,0.5466081666101212,0.0015183560183614478,0.21341463414636055,0.09081473793462293,0.04268292682928107
508,5,20,18396,1.76505619183257e-14,3.9223470929612664e-17,9.67043024594578e-15,4.83521512297289e-15,1.0051580164411173e-14
509,5,20,19053,2.9243840091532275e-14,3.6103506285842315e-17,1.0994321192179106e-14,5.497160596089554e-15,1.5943885778031518e-14
510,5,30,0,2.035025146604208e-14,4.2396357220921e-17,1.2551444920085977e-14,6.275722460042989e-15,1.1243039020106463e-14
511,5,30,657,2.9127813577749705e-14,3.5960263676234207e-17,9.11614233547997e-15,4.558071167739985e-15,1.1394679238104046e-14
512,5,30,1314,3.335510820698975e-14,4.018687735781898e-17,9.752676152102779e-15,4.8763380760513885e-15,1.507737024661676e-14
513,5,30,1971,9.218748947397984e-15,9.218748947397984e-17,9.369152294053467e-15,4.684576147026736e-15,4.516712207499417e-15
514,5,30,2628,1.7748397894223255e-14,3.113754016530396e-17,1.0273572823271008e-14,5.136786411635504e-15,9.596659510418426e-15
515,5,30,3285,1.4739872374067447e-14,3.5950908229432797e-17,3.5072988764498635e-15,1.7536494382249317e-15,4.137611662505461e-15
516,5,30,3942,2.806336670018296e-14,3.844296808244241e-17,1.021464564707811e-14,5.107322823539056e-15,1.349597940178483e-14
517,5,30,4599,2.938430059622353e-14,4.3857165068990346e-17,1.656298134242963e-14,8.281490671214813e-15,1.4535798039482538e-14
518,5,30,5256,1.6395987438742873e-14,3.346119885457729e-17,5.4684257216295756e-15,2.7342128608147878e-15,5.437384959627596e-15
519,5,30,5913,0.6721784728560306,0.0008844453590210929,0.5070580013976324,0.1816572993988727,17.018377051695055
520,5,30,6570,0.02018285612901341,3.6696102052751655e-05,0.0031520325673295,0.0015801003163432824,0.0015760162836684192
521,5,30,7227,2.184233694158574e-14,3.702091007048431e-17,7.555630829458558e-15,3.777815414729278e-15,9.380030627564737e-15
522,5,30,7884,1.6719034888013313e-14,2.4586816011784282e-17,7.674560094937218e-15,3.837280047468609e-15,7.582010899879118e-15
523,5,30,8541,0.06744467830305556,9.77459105841385e-05,0.01943105818438128,0.009739725985680498,0.0111965616713766
524,5,30,9198,1.6515249562378272e-14,2.4649626212504883e-17,1.065530603303948e-14,5.32765301651974e-15,9.271716186137893e-15
525,5,30,9855,8.82528095916285e-15,4.644884715348868e-17,4.4776533634697375e-15,2.2388266817348688e-15,4.15927455079083e-15
526,5,30,10512,2.3005824172883887e-14,3.651718122679982e-17,7.312222999739133e-15,3.6561114998695665e-15,9.293379074423261e-15
527,5,30,11169,9.979422786748835e-15,1.6632371311248059e-16,1.7388078330389444e-14,8.694039165194722e-15,7.928617112445021e-15
528,5,30,11826,1.9763156393496917e-14,4.491626453067481e-17,1.3729940365449195e-14,6.864970182724599e-15,1.2196206104662696e-14
529,5,30,12483,1.3298825769539737e-14,3.799664505582782e-17,6.655919340287237e-15,3.3279596701436186e-15,6.108934496474032e-15
530,5,30,13140,2.2255958448003574e-14,2.928415585263628e-17,1.3709581745274503e-14,6.854790872637251e-15,1.330101340721651e-14
531,5,30,13797,1.2353773690473719e-14,2.3757257097064845e-17,9.966380564820993e-15,4.9831902824104966e-15,7.300393352169321e-15
532,5,30,14454,8.595554545950305e-15,9.550616162167005e-17,2.3632241765856986e-15,1.1816120882928497e-15,2.599546594244269e-15
533,5,30,15111,2.095356556647995e-14,2.757048100852625e-17,9.341913581888089e-15,4.670956790944044e-15,4.147089630405515
534,5,30,15768,1.4867245122784207e-14,3.3789193460873197e-17,7.932535227286484e-15,3.966267613643242e-15,7.625336676449856e-15
535,5,30,16425,1.2737188831809013e-14,3.44248346805649e-17,9.768593182662877e-15,4.8842965913314386e-15,7.235404687313215e-15
536,5,30,17082,3.2171190647067566e-14,5.1889017172689625e-17,1.0964408304790604e-14,5.482204152395302e-15,11.608231707317092
537,5,30,17739,0.5466081666101216,0.0015183560183614489,0.21341463414635461,0.09081473793461996,0.04268292682927618
538,5,30,18396,1.9131948672901813e-14,4.251544149533736e-17,7.893633966266221e-15,3.9468169831331104e-15,1.0181557494123386e-14
539,5,30,19053,3.4507342344293806e-14,4.260165721517754e-17,1.241986810112957e-14,6.2099340505647845e-15,1.603053733117299e-14
540,5,40,0,2.1178639389789357e-14,4.412216539539449e-17,9.28886739380635e-15,4.644433696903175e-15,9.74829972841601e-15
541,5,40,657,2.6793691510706164e-14,3.307863149469897e-17,1.2288761658451937e-14,6.144380829225969e-15,1.347431651349946e-14
542,5,40,1314,3.9020725135956324e-14,4.701292185054979e-17,6.418901353073919e-15,3.2094506765369594e-15,1.4730764034050858e-14
543,5,40,1971,1.0250484109224406e-14,1.0250484109224406e-16,1.3899728124863945e-14,6.949864062431971e-15,6.834641254033891e-15
544,5,40,2628,1.607123531889473e-14,2.8195149682271454e-17,7.253682389144539e-15,3.6268411945722695e-15,7.322056240454691e-15
545,5,40,3285,1.351694794889511e-14,3.296816572901246e-17,4.37959958342099e-15,2.189799791710495e-15,4.9824643056348486e-15
546,5,40,3942,2.359377951807777e-14,3.232024591517503e-17,8.63187012079772e-15,4.31593506039886e-15,1.1373016349818677e-14
547,5,40,4599,2.0529104424861175e-14,3.064045436546444e-17,1.6116232435102586e-14,8.058116217551293e-15,1.2651126758655443e-14
548,5,40,5256,8.33646937851887e-15,1.7013202813303816e-17,7.439342181070425e-15,3.719671090535213e-15,5.220756076773907e-15
549,5,40,5913,0.6344412685745153,0.0008347911428612044,0.5031446540880639,0.17969451931716757,17.000766988801974
550,5,40,6570,1.1451782191673152e-14,2.082142216667846e-17,9.327800997427144e-15,4.663900498713572e-15,6.065608719903294e-15
551,5,40,7227,1.2234834158792585e-14,2.0737007048800992e-17,9.389802852894046e-15,4.694901426447023e-15,6.867135586461944e-15
552,5,40,7884,1.7287093437289547e-14,2.5422196231308157e-17,1.031610754051688e-14,5.15805377025844e-15,8.73014397900367e-15
553,5,40,8541,3.915559716760783e-14,5.674724227189541e-17,1.532630951922103e-14,7.663154759610515e-15,1.882504991998558e-14
554,5,40,9198,1.4600850985764753e-14,2.1792314904126497e-17,9.27897505357508e-15,4.63948752678754e-15,8.015268665586495e-15
555,5,40,9855,5.924077145631487e-15,3.1179353398060457e-17,2.997543554777194e-15,1.498771777388597e-15,2.426243487961318e-15
556,5,40,10512,2.474645325233712e-14,3.9280084527519234e-17,1.715493695694037e-14,8.577468478470185e-15,1.5618942453750983e-14
557,5,40,11169,3.844048853810444e-15,6.406748089684074e-17,1.2069323473276963e-15,6.034661736638481e-16,8.665155314147563e-16
558,5,40,11826,1.573978415541854e-14,3.577223671686032e-17,9.068547590874746e-15,4.5342737954373724e-15,8.296886213296292e-15
559,5,40,12483,1.4324133390784826e-14,4.092609540224236e-17,1.110572747743327e-14,5.552863738716635e-15,8.968435750142728e-15
560,5,40,13140,2.485042062458638e-14,3.2697921874455764e-17,6.579500619347807e-15,3.289750309673904e-15,9.358367739279369e-15
561,5,40,13797,2.2868254385323782e-14,4.397741227946881e-17,1.510755658012456e-14,7.55377829006228e-15,1.2802766976653024e-14
562,5,40,14454,3.3749639777331064e-15,3.749959975259007e-17,1.3864248502636102e-15,6.932124251318051e-16,9.964928611269699e-16
563,5,40,15111,2.1811825242516965e-14,2.869977005594337e-17,1.4780136594657754e-14,7.390068297328878e-15,4.147089630405519
564,5,40,15768,1.2943970027197587e-14,2.941811369817633e-17,9.836669016187209e-15,4.918334508093604e-15,7.7336511178767e-15
565,5,40,16425,0.009173595250750923,2.47935006777052e-05,0.0016845238108923579,0.0008430162150411496,0.0008719455506117933
566,5,40,17082,2.2293101405799e-14,3.595661517064355e-17,1.1140347934988522e-14,5.570173967494261e-15,11.608231707317087
567,5,40,17739,0.5466081666101212,0.0015183560183614478,0.21341463414634884,0.09081473793461708,0.04268292682927245
568,5,40,18396,1.7893073644861304e-14,3.9762385877469565e-17,6.062838274490609e-15,3.0314191372453044e-15,9.185064632996417e-15
569,5,40,19053,3.165024338881748e-14,3.907437455409565e-17,7.275446340074746e-15,3.637723170037373e-15,1.2997732971221345e-14
570,5,50,0,2.6892606521100124e-14,5.602626358562525e-17,1.4427276554283282e-14,7.213638277141641e-15,1.5315662017755817e-14
571,5,50,657,3.012917616365683e-14,3.7196513782292383e-17,1.1843528584174323e-14,5.921764292087161e-15,1.4449146486341063e-14
572,5,50,1314,2.57269030392372e-14,3.099626872197253e-17,6.144744283919222e-15,3.072372141959611e-15,9.53167084556232e-15
573,5,50,1971,5.884973898853823e-15,5.884973898853823e-17,1.016339567869222e-14,5.08169783934611e-15,4.0292972210786165e-15
574,5,50,2628,1.5604739443028453e-14,2.7376735864962197e-17,4.063954842966669e-15,2.0319774214833346e-15,5.415722071342227e-15
575,5,50,3285,1.499610214414528e-14,3.657585888815922e-17,7.591303330746311e-15,3.7956516653731554e-15,6.585518038752148e-15
576,5,50,3942,2.401088582596185e-14,3.289162441912582e-17,1.0431796996501318e-14,5.215898498250659e-15,1.3929237167492208e-14
577,5,50,4599,1.8427059407917938e-14,2.75030737431611e-17,6.484461350710142e-15,3.242230675355071e-15,8.275223325010922e-15
578,5,50,5256,1.5295901417785814e-14,3.121612534242003e-17,1.1192143663883308e-14,5.596071831941654e-15,9.445019292420844e-15
579,5,50,5913,0.6344412685745153,0.0008347911428612044,0.5031446540880619,0.1796945193171666,17.000766988801974
580,5,50,6570,1.3759600911837627e-14,2.501745620334114e-17,1.2792042055782669e-14,6.3960210278913345e-15,8.53517798443535e-15
581,5,50,7227,7.402497696591007e-15,1.2546606265408487e-17,4.479016762033152e-15,2.2395083810165753e-15,2.599546594244269e-15
582,5,50,7884,2.6400155871087308e-14,3.8823758633951926e-17,1.1330795210190656e-14,5.6653976050953304e-15,1.1004747248967406e-14
583,5,50,8541,3.327772208026314e-14,4.822858272501905e-17,1.7311583188520578e-14,8.655791594260289e-15,1.9388285015405172e-14
584,5,50,9198,2.386459914915404e-14,3.561880470022991e-17,5.959467083103007e-15,2.9797335415515034e-15,8.231897548440185e-15
585,5,50,9855,1.0350418302222867e-14,5.4475885801172985e-17,7.448998100516528e-15,3.724499050258264e-15,5.459047847912965e-15
586,5,50,10512,3.059180283557163e-14,4.855841719932004e-17,1.1194245684662633e-14,5.597122842331317e-15,1.3604293843211674e-14
587,5,50,11169,7.339852019872749e-15,1.2233086699787914e-16,7.870849410350704e-15,3.935424705175351e-15,3.9859714445078795e-15
588,5,50,11826,1.7804680307142448e-14,4.0465182516232834e-17,1.741920325279657e-14,8.709601626398287e-15,1.3366002072072616e-14
589,5,50,12483,1.3981544278646168e-14,3.994726936756048e-17,1.1849219578049743e-14,5.9246097890248716e-15,8.795132643859777e-15
590,5,50,13140,3.548812216686597e-14,4.6694897587981533e-17,1.0805548878388913e-14,5.402774439194456e-15,1.5207347576328973e-14
591,5,50,13797,1.6874819888665534e-14,3.245157670897218e-17,2.047268974841418e-14,1.0236344874207089e-14,1.2867755641509132e-14
592,5,50,14454,1.8191667597973425e-14,2.021296399774825e-16,2.1865075242699017e-14,1.0932537621349509e-14,1.4947392916904546e-14
593,5,50,15111,1.8905984869925693e-14,2.4876295881481174e-17,8.196280595272956e-15,4.098140297636478e-15,4.147089630405516
594,5,50,15768,1.0733693361654907e-14,2.4394757640124787e-17,4.3281921701063166e-15,2.1640960850531583e-15,4.0509601093639855e-15
595,5,50,16425,1.2468493086904673e-14,3.3698629964607223e-17,1.1065704996331676e-14,5.532852498165838e-15,7.408707793596167e-15
596,5,50,17082,2.6227594425580137e-14,4.230257165416151e-17,7.187171011619114e-15,3.593585505809557e-15,11.608231707317085
597,5,50,17739,0.5466081666101212,0.0015183560183614478,0.21341463414636472,0.09081473793462501,0.04268292682928194
598,5,50,18396,2.0618882277768477e-14,4.581973839504106e-17,1.1880689449539251e-14,5.940344724769625e-15,1.1394679238104046e-14
599,5,50,19053,3.334587751407548e-14,4.1167750017377136e-17,1.1338929861766151e-14,5.669464930883077e-15,1.6377143543738893e-14
